1,Patin Pirt,21,61 John Wall Hill,ppirt0@slate.com,Male,496770075,V9107XA
2,Lacee Dalliston,23,14 Hooker Street,ldalliston1@cornell.edu,Female,207211910,T82328A
3,Vergil Rabat,25,89409 Sunnyside Parkway,vrabat2@usnews.com,Male,939303431,S92403K
4,Robinette Detoc,19,9 Prentice Place,rdetoc3@people.com.cn,Female,295269142,C8197
5,Harlin Hexter,23,92 West Road,hhexter4@craigslist.org,Male,420641516,V9206XA
6,Trude Rubee,22,83642 Talmadge Point,trubee5@nbcnews.com,Female,539481931,H73012
7,Edvard Placidi,24,6268 Mallard Point,eplacidi6@is.gd,Male,191826594,S36119D
8,Marlee Bloxsom,19,8 Russell Court,mbloxsom7@hao123.com,Female,167011036,S31812D
9,Florence Vahey,20,2592 Debra Circle,fvahey8@toplist.cz,Female,117728809,S92412K
10,Stanislaw Boykett,25,74 Springs Trail,sboykett9@aboutads.info,Male,198053165,S9431XA
11,Aindrea Lenden,21,014 Granby Way,alendena@fotki.com,Female,296200887,T50A21A
12,Zonda Milbank,20,265 Sheridan Road,zmilbankb@nytimes.com,Female,627047450,S82464Q
13,Becca Conaghy,22,24223 Old Gate Hill,bconaghyc@state.tx.us,Female,675472329,S82226D
14,Farlee Bromilow,22,12565 Meadow Valley Crossing,fbromilowd@noaa.gov,Male,009213200,S52531B
15,Giff Duplan,20,181 Luster Center,gduplane@meetup.com,Male,667432000,T403X1D
16,Paton Comelini,22,954 Summer Ridge Way,pcomelinif@washingtonpost.com,Male,330122748,C49A5
17,Winonah Nertney,22,6769 Sunfield Road,wnertneyg@addthis.com,Female,546015467,S92599G
18,Trish Freer,19,62505 Northridge Trail,tfreerh@icio.us,Female,752840596,S63248S
19,Meggy Brager,20,98 Arkansas Parkway,mbrageri@t-online.de,Female,329583230,S42153
20,Yorke Overel,22,3041 Brickson Park Street,yoverelj@amazon.com,Male,774802801,S62312G
21,Tome Pettendrich,24,30 Columbus Court,tpettendrichk@google.com.hk,Male,94115,Z89519
22,Dorrie Birchwood,20,3290 Miller Center,dbirchwoodl@scribd.com,Female,606163395,S66919D
23,Robb Deshorts,20,26552 Hauk Way,rdeshortsm@stumbleupon.com,Male,572622398,S82036K
24,Austen Phizackerly,21,811 Hudson Center,aphizackerlyn@trellian.com,Male,29445,S29092A
25,Alleen Trollope,19,968 Bluestem Trail,atrollopeo@hp.com,Female,998017808,T24429S
26,Brad Rosenfield,21,2 Dawn Drive,brosenfieldp@ask.com,Male,816014227,S58019
27,Issi Finlayson,18,609 Havey Place,ifinlaysonq@oakley.com,Female,926272818,T603X1A
28,Minta Chamberlain,24,97 Delladonna Park,mchamberlainr@dropbox.com,Female,021111526,S99241G
29,Michaela Crother,22,7126 Ramsey Circle,mcrothers@kickstarter.com,Female,444842430,V519XXD
30,Tulley Pidgin,20,9 Northport Parkway,tpidgint@g.co,Male,614553313,T375X6D
31,Deck Lowell,18,3 Stone Corner Circle,dlowellu@tiny.cc,Genderfluid,136621056,V453XXA
32,Alphonse Atwel,19,11 Eggendart Pass,aatwelv@comcast.net,Male,395330555,T204
33,Galina Malden,19,86 Boyd Trail,gmaldenw@is.gd,Female,178222575,S96821A
34,Bea Accomb,20,9 Cody Trail,baccombx@pcworld.com,Female,625264163,W500XXA
35,Moises McKinnell,23,393 Scoville Junction,mmckinnelly@gov.uk,Male,946081804,S9421
36,Ynes Dickerline,19,87717 Messerschmidt Court,ydickerlinez@reference.com,Female,281442515,Z41
37,Judi Ranscomb,22,33196 Warner Center,jranscomb10@mediafire.com,Female,461684300,S56321
38,Maryellen Cattrall,22,08 Morrow Center,mcattrall11@sourceforge.net,Genderfluid,461238361,S63277A
39,Arielle Vanlint,23,89353 Calypso Plaza,avanlint12@japanpost.jp,Female,152322421,M6610
40,Seamus Galloway,23,3 Browning Hill,sgalloway13@seesaa.net,Bigender,199581462,X811XXA
41,Willy Newart,22,53727 Mcguire Center,wnewart14@mapquest.com,Female,439522364,S41052D
42,Barton Jurkiewicz,23,951 6th Alley,bjurkiewicz15@prlog.org,Male,828014221,M84651D
43,Edgardo Fowlston,23,8924 Lake View Way,efowlston16@ted.com,Male,330155109,V97818
44,Tess Guilloux,20,40 Loftsgordon Place,tguilloux17@xrea.com,Female,381202177,V253
45,Flem Oultram,21,4794 Aberg Parkway,foultram18@sbwire.com,Male,641803929,S62625S
46,Oswald Ericsson,25,335 Redwing Avenue,oericsson19@newsvine.com,Male,311932540,S52382H
47,Joanie Humbee,20,4950 Cascade Point,jhumbee1a@cbsnews.com,Female,143011813,S93313
48,Cleveland Kidgell,18,9 Cottonwood Trail,ckidgell1b@newyorker.com,Male,900372415,T450X2S
49,Free Winson,21,870 Sundown Way,fwinson1c@is.gd,Male,500200276,M19079
50,Michaela Kures,22,19245 Killdeer Trail,mkures1d@nyu.edu,Female,053026435,T39012
51,Alane Millichip,21,3423 Autumn Leaf Center,amillichip1e@fotki.com,Female,43202,V546
52,Gabriellia Ambrosch,25,9245 Lukken Court,gambrosch1f@techcrunch.com,Female,606751367,S92426A
53,Alissa Hurleston,23,658 Novick Drive,ahurleston1g@plala.or.jp,Bigender,752840795,M6013
54,Olenka Gillyett,18,18298 Dovetail Point,ogillyett1h@soup.io,Female,282600164,H742
55,Susi Docharty,25,05832 Farragut Place,sdocharty1i@usa.gov,Female,331556752,S82152S
56,Christiane Merryman,18,0634 Thompson Circle,cmerryman1j@freewebs.com,Female,646838343,S70311D
57,Stanislaw Hawton,20,265 Warner Road,shawton1k@engadget.com,Male,531292452,X998
58,Philbert Cabera,18,42 Weeping Birch Way,pcabera1l@lulu.com,Polygender,837010640,S63261D
59,Chauncey Wabe,21,704 Cambridge Alley,cwabe1m@google.com.br,Male,604641948,T2300
60,Rhys Scamp,22,7 Meadow Vale Way,rscamp1n@upenn.edu,Male,387014719,V3950XA
61,Arie Blazic,18,37 Stone Corner Circle,ablazic1o@hao123.com,Male,327266149,O094
62,Rollie Gannicleff,19,45 Mayer Circle,rgannicleff1p@typepad.com,Male,469921914,S83003A
63,Erda Michelin,18,9 Troy Hill,emichelin1q@creativecommons.org,Female,788525893,H18449
64,Marmaduke Primett,20,59 Graedel Circle,mprimett1r@tinypic.com,Male,570032033,S40912S
65,Mignon Domengue,23,36 Artisan Circle,mdomengue1s@wordpress.org,Female,199634364,S62175D
66,Ida De Winton,18,4 Columbus Alley,ide1t@g.co,Female,577017375,C79
67,Farris Malim,21,876 Hanson Center,fmalim1u@barnesandnoble.com,Male,170330854,I2109
68,Erica Bridgwater,22,43525 Cody Alley,ebridgwater1v@slashdot.org,Female,396490490,S72499B
69,Hashim Jedrzejczyk,24,72 Ronald Regan Center,hjedrzejczyk1w@biblegateway.com,Male,507042818,O45099
70,Butch Biggam,21,362 Linden Crossing,bbiggam1x@blogs.com,Male,982212557,T81503
71,Darryl Carrel,25,44043 Bultman Place,dcarrel1y@tinyurl.com,Male,908074422,S92812S
72,Carole Flanagan,21,7052 Main Place,cflanagan1z@nhs.uk,Female,600052349,S62309B
73,Hendrika Leavesley,23,23356 3rd Terrace,hleavesley20@youtube.com,Female,474015454,C8280
74,Krispin Marcos,24,107 Oriole Trail,kmarcos21@blogger.com,Male,611100067,N836
75,Guillaume Kleinsinger,21,13424 Commercial Pass,gkleinsinger22@irs.gov,Male,480711618,M86332
76,Jayme Adiscot,22,9 Rigney Crossing,jadiscot23@dell.com,Genderqueer,427179696,C000
77,Hubert Drew-Clifton,19,30 East Center,hdrewclifton24@dyndns.org,Male,462401470,S43431
78,Ignace Callander,22,21 Meadow Vale Trail,icallander25@prlog.org,Non-binary,152202759,T22322A
79,Rakel Du Plantier,33,34717 Merry Way,rdu26@ihg.com,Female,606954088,S7420XD
80,Konstance Vitte,29,2292 Talmadge Center,kvitte27@mac.com,Female,772691363,V717XXS
81,Bernadette Brahm,26,22218 Redwing Road,bbrahm28@nyu.edu,Female,130450946,S59202S
82,Tersina Durrant,29,946 Roth Drive,tdurrant29@hubpages.com,Female,941430296,T39394A
83,Meagan Wickins,31,9180 Crest Line Way,mwickins2a@xing.com,Female,191413020,S71119D
84,Pamela Bletsoe,34,522 Morrow Place,pbletsoe2b@si.edu,Female,674392541,T84124S
85,Marven Donativo,27,4 Burrows Circle,mdonativo2c@soup.io,Male,282890860,T22419S
86,Corny Padilla,29,1 Bay Way,cpadilla2d@phoca.cz,Male,973391189,O368139
87,Myron Duthie,25,11 Kenwood Lane,mduthie2e@hud.gov,Non-binary,495032560,M84750D
88,Thia Downe,33,1229 Lunder Parkway,tdowne2f@bloglines.com,Female,779574045,S86929D
89,Esta Golt,27,40159 Elgar Lane,egolt2g@bloglovin.com,Female,790650000,R894
90,Karel Bondesen,35,18537 Mockingbird Trail,kbondesen2h@flavors.me,Agender,006311003,V80919A
91,Freida Doody,28,75396 Pankratz Street,fdoody2i@wikia.com,Female,930031647,S52222E
92,Trudey Imbrey,32,78797 Kipling Plaza,timbrey2j@scribd.com,Female,731399231,S92254D
93,Roselia Pedrick,31,08 Independence Circle,rpedrick2k@twitter.com,Female,480334716,S15111
94,Amye Stemson,32,1 Melvin Junction,astemson2l@amazon.co.uk,Female,467061023,Y048
95,Gabriela Hydes,31,7634 Dunning Trail,ghydes2m@nature.com,Female,304390597,M0622
96,Boycey Crawcour,30,856 Esker Center,bcrawcour2n@qq.com,Male,759042707,E27
97,Mabelle O'Hartnett,25,45 Sauthoff Circle,mohartnett2o@linkedin.com,Genderfluid,481686823,S09302D
98,Batholomew McHugh,28,711 Rockefeller Pass,bmchugh2p@plala.or.jp,Male,006804867,H30043
99,Averil Belz,31,732 Clemons Place,abelz2q@delicious.com,Female,599377849,V203XXA
100,Charis Ingham,34,71587 Hagan Park,cingham2r@sogou.com,Female,15213,S20369S
101,Cole Johnsson,33,0 Cascade Place,cjohnsson2s@bigcartel.com,Male,802044507,M02232
102,Giusto Reneke,34,587 Ilene Crossing,greneke2t@tmall.com,Male,170330858,Q633
103,Alex Fassbindler,24,4 Lake View Terrace,afassbindler2u@alibaba.com,Female,086291915,S81032
104,Raddy Smy,32,8148 Oakridge Parkway,rsmy2v@xing.com,Male,454295164,S76899
105,Ricki Gibberd,32,3400 Northfield Lane,rgibberd2w@admin.ch,Female,750250840,Q999
106,Dacy Whapham,32,202 Graceland Trail,dwhapham2x@blogtalkradio.com,Female,573132102,S70262S
107,Layne Camelia,31,10 David Point,lcamelia2y@squidoo.com,Female,820725140,S72422J
108,Lonna Ibberson,25,365 Carpenter Lane,libberson2z@miitbeian.gov.cn,Female,462404353,H02516
109,Barrie Jagger,33,2 Arkansas Terrace,bjagger30@ca.gov,Male,009606057,Q674
110,Margarette Toal,33,3 Mifflin Terrace,mtoal31@spiegel.de,Female,765445060,T2070XD
111,Lief Raggles,28,65 Eliot Street,lraggles32@deviantart.com,Male,759614027,Z7701
112,Kris Abramovitch,26,2 Chinook Court,kabramovitch33@ucoz.com,Male,402012587,P84
113,Gardie Ardern,32,5134 Old Shore Road,gardern34@angelfire.com,Male,900741515,S52233N
114,Waldon Korneichuk,27,78206 Forest Run Park,wkorneichuk35@360.cn,Male,33160,S82026Q
115,Rebeka Cairney,26,38 Carioca Drive,rcairney36@ezinearticles.com,Bigender,941183101,S020XXD
116,Christy Wilfinger,24,31 Arizona Drive,cwilfinger37@smugmug.com,Male,170554325,M10079
117,Byrom Toope,28,4460 Little Fleur Trail,btoope38@accuweather.com,Male,782293550,S62511S
118,Kyle Spyer,33,3404 Farmco Hill,kspyer39@nps.gov,Female,331756302,Y9383
119,Bobbie Drohun,31,39 Comanche Street,bdrohun3a@samsung.com,Female,007269707,S948X1A
120,Enoch Stoneley,35,274 Pine View Crossing,estoneley3b@rakuten.co.jp,Male,786814067,T505X3D
121,Lek Benfield,33,725 Everett Park,lbenfield3c@nasa.gov,Male,171058700,T535X1D
122,Nerissa Santacrole,30,6288 High Crossing Plaza,nsantacrole3d@elegantthemes.com,Female,951224603,S23121S
123,Hammad Allden,33,21408 High Crossing Road,hallden3e@latimes.com,Male,622072326,T85111D
124,Phil De Biasio,33,77989 Valley Edge Center,pde3f@guardian.co.uk,Male,19034,S62647K
125,Sollie Cheyney,27,46499 Porter Place,scheyney3g@who.int,Male,756330549,S9352
126,Tani Bernhardsson,25,4 Gina Terrace,tbernhardsson3h@mtv.com,Female,026015133,B251
127,Brenn Hannaby,31,4938 Johnson Pass,bhannaby3i@yolasite.com,Female,711112385,M65812
128,Denver Gouck,31,493 La Follette Park,dgouck3j@chicagotribune.com,Male,359601023,B9733
129,Arch Gendrich,31,3 Victoria Point,agendrich3k@angelfire.com,Male,526412263,S60571
130,Brody Loud,29,9679 Burning Wood Pass,bloud3l@prweb.com,Male,482670001,S75209
131,Adelaide Gentry,27,0 Lerdahl Terrace,agentry3m@sakura.ne.jp,Female,606731264,V97818A
132,Abbey Coales,32,71578 Pine View Junction,acoales3n@rediff.com,Male,606860081,T23419A
133,Coleman Kliesl,31,96 Park Meadow Circle,ckliesl3o@dell.com,Male,287735507,M9081
134,Dannie Ahern,28,159 Tomscot Avenue,dahern3p@prnewswire.com,Female,434522001,S91246
135,Koenraad Bernardeschi,24,5 Kinsman Alley,kbernardeschi3q@blogspot.com,Male,463077762,M84562K
136,Dinnie Duddy,26,3 Gina Court,dduddy3r@topsy.com,Female,902422804,W1839XA
137,Rosamond Davage,30,73249 Dryden Plaza,rdavage3s@cargocollective.com,Female,606860081,K4131
138,Dynah Blevin,28,50429 Menomonie Drive,dblevin3t@narod.ru,Female,439509119,G10
139,Hedvige Oolahan,26,063 Coolidge Alley,hoolahan3u@google.de,Female,770577353,F50
140,Rabi Matteris,29,899 Bonner Parkway,rmatteris3v@bbc.co.uk,Male,304010879,T71133
141,Susann Sone,34,469 Sunnyside Alley,ssone3w@wufoo.com,Female,749552811,S06350A
142,Hesther Doche,32,3662 Jackson Road,hdoche3x@ucoz.com,Genderfluid,326100256,Q682
143,Sherill Causey,31,055 Maple Wood Alley,scausey3y@artisteer.com,Female,328198200,V9388XA
144,Jared Aleksandrov,33,662 Melby Circle,jaleksandrov3z@imageshack.us,Male,501312949,V353XXA
145,Hollyanne Kurth,33,1658 Roxbury Way,hkurth40@chicagotribune.com,Female,286759247,T84210A
146,Odella Hanlon,35,11617 Hermina Court,ohanlon41@desdev.cn,Female,197025709,T4592XD
147,Rosie Prin,28,7302 Columbus Road,rprin42@independent.co.uk,Female,00740,I090
148,Fabe Yuill,31,4 Randy Drive,fyuill43@fc2.com,Male,054011473,S62619A
149,Darrel Winfindale,26,49 Lighthouse Bay Parkway,dwinfindale44@yolasite.com,Male,620026722,S66219A
150,Caren Barton,27,98891 New Castle Hill,cbarton45@multiply.com,Female,750576011,S63609S
151,Marta Poulsen,27,71399 Dunning Drive,mpoulsen46@wisc.edu,Female,647241609,S36892A
152,Mar Chicotti,28,6 Anderson Alley,mchicotti47@exblog.jp,Genderqueer,770812944,T82514
153,Melva Guymer,32,08059 Kennedy Circle,mguymer48@earthlink.net,Non-binary,750927069,Z44011
154,Kali Waple,32,34 Montana Alley,kwaple49@hexun.com,Female,762402002,S82156
155,Farrel Kersley,29,51 Bowman Circle,fkersley4a@miibeian.gov.cn,Male,462025166,T22292S
156,Jordana Jamson,32,442 Dahle Circle,jjamson4b@addthis.com,Female,117101308,S2223XA
157,Lauren Fayer,28,885 Autumn Leaf Trail,lfayer4c@symantec.com,Male,100033801,C8172
158,Tamqrah Shawdforth,29,31 Artisan Point,tshawdforth4d@icq.com,Female,133261301,S52372Q
159,Matthieu Camble,26,8147 Caliangt Park,mcamble4e@house.gov,Male,47403,V883XXS
160,Tobias Bakeup,33,0009 Gina Place,tbakeup4f@tiny.cc,Male,680451400,S60391A
161,Germayne Hofner,34,21747 Forest Dale Road,ghofner4g@netvibes.com,Male,200173096,T8572XS
162,Tyson Craven,28,69 Cardinal Parkway,tcraven4h@people.com.cn,Male,080792064,O418X11
163,Cissy Rodbourne,31,9 Cardinal Pass,crodbourne4i@businesswire.com,Genderfluid,853230540,S02640G
164,Vale Lockley,29,0585 Hovde Hill,vlockley4j@dailymail.co.uk,Female,982744126,S55091D
165,Evaleen Wiffen,33,94 Esch Road,ewiffen4k@gnu.org,Female,427171080,S85309A
166,Merissa Fleischer,32,28 Debra Plaza,mfleischer4l@squidoo.com,Female,903042514,T46994A
167,Hortense Cleaveland,33,053 Ridgeway Street,hcleaveland4m@google.pl,Female,49048,H44
168,Berta Cator,32,1985 Mandrake Trail,bcator4n@microsoft.com,Female,484167908,N020
169,Trix Hazeup,25,89 Hovde Trail,thazeup4o@prlog.org,Female,316030070,S06381S
170,Dodie McGennis,25,14705 Loomis Drive,dmcgennis4p@ustream.tv,Female,088203947,V7950XS
171,Wilhelmine Skase,34,46930 Sundown Way,wskase4q@virginia.edu,Female,705104039,V971
172,Tripp Broadfoot,32,78 Grasskamp Center,tbroadfoot4r@cmu.edu,Genderqueer,67950,S0551
173,Christoper Mc Elory,28,8271 Kingsford Court,cmc4s@printfriendly.com,Male,278356028,T2890
174,Dalton Arndt,32,1206 Chive Drive,darndt4t@csmonitor.com,Male,921015738,M119
175,Danika Harbertson,27,17481 Michigan Pass,dharbertson4u@phoca.cz,Polygender,623631430,S62172K
176,Barbe Cawcutt,32,6 Goodland Court,bcawcutt4v@earthlink.net,Female,370275064,W5909XD
177,Britt Lough,31,65055 Meadow Vale Circle,blough4w@posterous.com,Male,880617251,S32425D
178,Lisetta Upsale,32,19 Eastwood Park,lupsale4x@seattletimes.com,Female,913642573,D139
179,Chaunce Sackler,34,65 Alpine Drive,csackler4y@usatoday.com,Male,983623909,T63322D
180,Edy Doberer,29,0 Bashford Center,edoberer4z@i2i.jp,Female,331733032,T398X6S
181,Karee Cator,26,9287 Onsgard Way,kcator50@sogou.com,Female,891203757,H61012
182,Opalina Llewhellin,26,680 Porter Trail,ollewhellin51@examiner.com,Female,100384922,S96802
183,Yoshiko MacKeague,35,69253 Fordem Drive,ymackeague52@usnews.com,Female,544495703,M24274
184,Tracey Rosettini,31,464 Dennis Drive,trosettini53@apple.com,Male,191150480,P0725
185,Rocky Giacomoni,31,4 Jana Place,rgiacomoni54@bbb.org,Male,750243532,H61111
186,Sloan Dulwich,31,0528 Birchwood Place,sdulwich55@4shared.com,Male,776651997,O3120X3
187,Arie Surgey,34,79625 Bultman Terrace,asurgey56@creativecommons.org,Male,833305500,S62330P
188,Honey Gilliland,27,34370 Heath Alley,hgilliland57@dedecms.com,Female,021181951,T453X5
189,Annora Wetter,25,248 Weeping Birch Terrace,awetter58@altervista.org,Female,337591337,I6985
190,Grace Barck,25,7871 Bunting Plaza,gbarck59@seesaa.net,Agender,342772548,S82092R
191,Haydon Herrema,33,30286 Donald Road,hherrema5a@china.com.cn,Male,44106,M9951
192,Lira Portriss,29,142 Main Circle,lportriss5b@ow.ly,Female,543073508,Z0289
193,Sunny Hail,30,95070 Transport Parkway,shail5c@blogs.com,Male,034581263,S73015A
194,Maxy Dring,27,6107 Morrow Circle,mdring5d@unicef.org,Genderqueer,058190905,S72051P
195,Egan Doberer,27,507 Declaration Street,edoberer5e@state.gov,Male,953709226,Y0712
196,Juliette Bille,26,62392 Sugar Terrace,jbille5f@amazon.co.uk,Female,270304561,V125XXA
197,Dione Lauxmann,29,18164 Evergreen Way,dlauxmann5g@eepurl.com,Female,693362563,H93231
198,Conway Plant,26,44 Old Gate Crossing,cplant5h@photobucket.com,Male,145349530,M14619
199,Ronald Meynell,33,0862 Reinke Plaza,rmeynell5i@sciencedirect.com,Male,441171714,J371
200,Bev Warne,26,6 Golden Leaf Plaza,bwarne5j@spiegel.de,Male,601604100,S82116E
201,Blinni Penhaligon,24,753 Ryan Alley,bpenhaligon5k@seesaa.net,Female,807341854,S82113J
202,Hoebart Muldownie,25,2 Lien Lane,hmuldownie5l@wired.com,Male,271035614,S30864A
203,Aubrie Hacon,26,6 Surrey Crossing,ahacon5m@apple.com,Genderqueer,730704006,S73004
204,Anjela Linford,30,38 South Trail,alinford5n@over-blog.com,Female,423037758,V315XXA
205,Dynah Luna,30,4519 Muir Terrace,dluna5o@boston.com,Female,260036379,K432
206,Lorri Maltman,29,410 Trailsway Court,lmaltman5p@myspace.com,Female,394520607,S31804
207,Wat Gentil,24,2704 Jenifer Alley,wgentil5q@example.com,Male,757011950,S60462S
208,Terrell Graeber,26,1 Mcbride Alley,tgraeber5r@people.com.cn,Male,319093578,H6020
209,Tawnya Baldin,27,60529 Laurel Parkway,tbaldin5s@pagesperso-orange.fr,Non-binary,48075,E1142
210,Chad Shinton,26,8258 Morningstar Avenue,cshinton5t@ucoz.ru,Female,658075209,S75992
211,Thurstan Kincaid,28,81 Mandrake Parkway,tkincaid5u@cbc.ca,Male,33168,S76891
212,Retha Delve,34,33671 Reindahl Lane,rdelve5v@xinhuanet.com,Female,573690818,V9319
213,Rafaellle Kertess,30,9413 Pleasure Center,rkertess5w@seesaa.net,Polygender,655560777,A740
214,Yale Nowill,32,8 Lakeland Center,ynowill5x@nhs.uk,Agender,208546161,S71042D
215,Bastien Nicolls,28,0 Morning Drive,bnicolls5y@boston.com,Polygender,993495116,K0822
216,Ripley Rizziello,32,5188 Hayes Center,rrizziello5z@thetimes.co.uk,Male,212155267,S85901D
217,Denna Deakins,31,42 Jackson Pass,ddeakins60@shop-pro.jp,Female,194645008,M4813
218,Petunia Calverley,25,4798 Fairfield Hill,pcalverley61@people.com.cn,Female,553443248,I838
219,Vite Duigenan,31,258 Moland Lane,vduigenan62@icio.us,Genderfluid,770561791,O34513
220,Lida Hand,31,653 Huxley Lane,lhand63@cloudflare.com,Female,33406,S61331A
221,Rosanne Phaup,29,35130 Bowman Court,rphaup64@addthis.com,Female,282751730,N475
222,Phil Abelov,27,83 Stone Corner Pass,pabelov65@upenn.edu,Non-binary,161462057,T3370XA
223,Bobbie Hamly,26,2 Packers Crossing,bhamly66@dedecms.com,Male,441225203,T360X3S
224,Elfie Nicholson,29,7 Caliangt Parkway,enicholson67@patch.com,Female,662111922,S20172S
225,Elie Caldow,29,693 Fairview Lane,ecaldow68@archive.org,Female,421029519,M24412
226,Adelbert Jacob,26,491 Kedzie Junction,ajacob69@symantec.com,Male,60649,S82261R
227,Minne Neilly,32,52 Stephen Plaza,mneilly6a@paginegialle.it,Female,294820040,Z892
228,Denyse Amor,30,3640 Sutherland Hill,damor6b@uiuc.edu,Female,258015977,S53094S
229,Lurette Torricina,27,8 Emmet Way,ltorricina6c@plala.or.jp,Female,752840795,Q823
230,Kippy Tennewell,29,169 Kinsman Road,ktennewell6d@timesonline.co.uk,Male,769021879,S62244G
231,Kathe Tolussi,44,08130 Russell Point,ktolussi6e@flavors.me,Female,554860013,H02879
232,Gal Lage,37,97 Bellgrove Place,glage6f@tuttocitta.it,Male,492036125,R46
233,Nikola McIlriach,37,22409 Meadow Ridge Point,nmcilriach6g@furl.net,Male,221935161,I70744
234,Mace Jeandin,37,0 Fairfield Park,mjeandin6h@howstuffworks.com,Male,007391650,S52225H
235,Queenie Haughey,40,53672 Huxley Street,qhaughey6i@reuters.com,Genderqueer,278933428,M2391
236,Loralyn Schutter,38,5151 Truax Alley,lschutter6j@technorati.com,Female,686414067,S42279K
237,Lindsay McConnel,44,5805 Donald Way,lmcconnel6k@prweb.com,Male,52349,S58929S
238,Nealy Wormstone,34,66047 Commercial Alley,nwormstone6l@icq.com,Polygender,750281892,O30222
239,Armando Jannex,43,9476 Scott Trail,ajannex6m@reference.com,Male,601488897,G11
240,Timmi Kobera,41,893 Moose Junction,tkobera6n@php.net,Female,543079070,M1A4210
241,Susy Reuther,36,301 7th Drive,sreuther6o@technorati.com,Polygender,764423273,M14849
242,Ingaberg Galbreth,41,209 Dahle Trail,igalbreth6p@live.com,Female,452424402,S32452A
243,Elia Pighills,35,7391 7th Trail,epighills6q@mozilla.org,Male,385514040,S91029A
244,Goldia Steptoe,42,82 Myrtle Street,gsteptoe6r@un.org,Female,564821253,M25742
245,Marci Bernardes,43,19279 Sullivan Hill,mbernardes6s@slate.com,Female,482030160,S49031K
246,Brandais Neilly,36,9939 Clemons Way,bneilly6t@geocities.jp,Female,750102201,F1495
247,Frederique MacLeod,40,2147 Iowa Junction,fmacleod6u@canalblog.com,Female,668390289,T43602D
248,Rafe McAuslene,43,4420 Tennyson Terrace,rmcauslene6v@pagesperso-orange.fr,Male,606405710,S81841A
249,Allister Rousby,36,19250 Debs Trail,arousby6w@buzzfeed.com,Male,937012304,T33522
250,Jory Lownds,41,25 Fisk Crossing,jlownds6x@guardian.co.uk,Male,212750001,S61142
251,Hamid Bleiman,44,96 Pennsylvania Junction,hbleiman6y@addthis.com,Bigender,461684498,O30219
252,Ole Gaucher,44,83696 Debra Trail,ogaucher6z@wsj.com,Male,281392838,W503XXA
253,Morrie Pareman,37,369 Dawn Crossing,mpareman70@mlb.com,Male,006811750,S50829A
254,Brok Adhams,35,59334 Annamark Hill,badhams71@chron.com,Male,051563050,T440X5D
255,Ellerey Barraclough,36,1 Schurz Parkway,ebarraclough72@yahoo.co.jp,Male,750511027,T4396
256,Jerad Dowdeswell,34,58 4th Lane,jdowdeswell73@pen.io,Male,770354563,M12421
257,Donnie Pasfield,40,029 Prairie Rose Road,dpasfield74@jiathis.com,Male,381202177,S92535S
258,Shelli Jevons,38,674 Kenwood Center,sjevons75@imageshack.us,Female,016052903,S02641S
259,Lorie Learoid,42,2 Monument Road,llearoid76@businessinsider.com,Female,292012910,S93312D
260,Toiboid Gon,43,5385 Weeping Birch Plaza,tgon77@sciencedirect.com,Male,00659,S93302A
261,Earvin Seckington,44,3 Orin Alley,eseckington78@furl.net,Male,731720911,W2113XS
262,Morton Kittman,37,69 Huxley Avenue,mkittman79@samsung.com,Male,364205321,S31601S
263,Ilene Kadwallider,36,9 Holmberg Lane,ikadwallider7a@cnbc.com,Female,494247264,S00271
264,Lani Raybould,36,630 Cambridge Terrace,lraybould7b@aol.com,Female,21204,H3500
265,Tiffanie Schankelborg,37,54956 Comanche Street,tschankelborg7c@plala.or.jp,Polygender,485035902,J22
266,Fons Jellico,43,526 Kedzie Terrace,fjellico7d@cam.ac.uk,Male,654832130,S42034B
267,Nicolette Bremner,40,45 Reinke Terrace,nbremner7e@ebay.com,Agender,061171508,E610
268,Orazio Simner,41,6 Melby Trail,osimner7f@google.co.uk,Male,171058700,S82111F
269,Meredith Pallant,34,3492 Springview Terrace,mpallant7g@arizona.edu,Agender,212373901,I8281
270,Bianca Pennrington,42,18 Arizona Pass,bpennrington7h@cpanel.net,Female,481181383,M80071S
271,Elfrieda Cotsford,37,78537 Pearson Center,ecotsford7i@tmall.com,Female,28777,E619
272,Jud Pancoust,35,27633 Utah Point,jpancoust7j@cbsnews.com,Male,768344159,I51
273,Elias Milliken,42,74179 Bartillon Point,emilliken7k@tuttocitta.it,Male,392723004,S92251G
274,Kitty Markwick,38,6 Lakewood Lane,kmarkwick7l@oakley.com,Genderqueer,520520550,V259
275,Selig Thorowgood,40,4049 Fallview Lane,sthorowgood7m@pbs.org,Male,631500001,Q211
276,Shirl Tace,42,4 Jenifer Way,stace7n@tamu.edu,Non-binary,544567218,S89211
277,Jessica de Tocqueville,39,404 Butterfield Street,jde7o@flickr.com,Female,710522603,G219
278,Sidonia Onions,36,4 Rieder Street,sonions7p@zdnet.com,Female,070033623,Q418
279,Concordia Steadman,44,09030 3rd Trail,csteadman7q@google.com,Female,606770001,T23671
280,Frans Kaser,36,18 Dennis Road,fkaser7r@ox.ac.uk,Male,287410190,M84334
281,Marlie Patillo,44,8100 Schiller Pass,mpatillo7s@state.gov,Female,336142630,T508X3
282,Juliane Pryer,36,69 Knutson Road,jpryer7t@ed.gov,Female,253142010,S0211AG
283,Retha Brolechan,35,39 Ludington Parkway,rbrolechan7u@europa.eu,Agender,100314318,V672XXS
284,Hali Pendlenton,35,3 Corben Place,hpendlenton7v@chicagotribune.com,Female,286460787,S4339
285,Kimble Fist,41,07 Nova Lane,kfist7w@nytimes.com,Male,390383806,S43313D
286,Trumaine Paslow,38,67 Veith Trail,tpaslow7x@nbcnews.com,Male,170554325,Z3863
287,Magnum Arghent,42,73 Meadow Vale Court,marghent7y@mediafire.com,Male,764424462,S52591K
288,Tory Arpino,39,6459 Tennyson Road,tarpino7z@xinhuanet.com,Female,705083870,S52263R
289,Justen Fearick,36,62629 Stephen Terrace,jfearick80@pbs.org,Male,367442316,T23059S
290,Maighdiln Guilliland,39,634 Bartelt Point,mguilliland81@furl.net,Female,147601513,T5393XA
291,Katuscha Rubinsaft,35,51 Sutherland Road,krubinsaft82@skyrock.com,Female,53221,S93526D
292,Truda Blackley,39,196 Bunting Alley,tblackley83@bizjournals.com,Female,441164173,T84011S
293,Ashbey Shambroke,39,48 Moland Place,ashambroke84@dedecms.com,Male,99362,Z59
294,Colver Turton,43,30776 Mccormick Trail,cturton85@mashable.com,Male,835012431,S90112A
295,Wandie Adamski,42,91756 Old Gate Street,wadamski86@joomla.org,Non-binary,083022123,T86852
296,Anson Oxby,41,462 Blue Bill Park Center,aoxby87@nsw.gov.au,Male,331695710,S63417
297,Polly Stanistrete,36,639 Moland Drive,pstanistrete88@quantcast.com,Bigender,136691142,M7108
298,Marrissa Kording,34,52168 Hansons Point,mkording89@noaa.gov,Genderqueer,282750216,S86302
299,Rebekah Bennen,35,6 Oneill Center,rbennen8a@netvibes.com,Bigender,841320002,Z31430
300,Valeda Aslott,38,25136 Badeau Parkway,vaslott8b@creativecommons.org,Female,191826594,N6082
301,Annamaria Prozescky,41,0 Lawn Pass,aprozescky8c@edublogs.org,Female,303285834,Z9713
302,Jerome Drogan,42,3630 Springview Place,jdrogan8d@phpbb.com,Male,550631913,T473X6
303,Nat Franciskiewicz,41,247 Bonner Lane,nfranciskiewicz8e@cnn.com,Male,606860081,S83269S
304,Bucky Woosnam,39,96 Roth Hill,bwoosnam8f@e-recht24.de,Male,372156154,S32008
305,Corabel Deeves,40,24 Sherman Drive,cdeeves8g@sogou.com,Female,963501200,V8642XS
306,Arnold Dunge,38,3 Manley Crossing,adunge8h@bluehost.com,Male,597299998,M21151
307,Adolpho Blasetti,39,64 Hudson Place,ablasetti8i@last.fm,Male,296072101,S62653P
308,Berri Hankinson,43,60 Esch Hill,bhankinson8j@homestead.com,Female,453424931,S62113G
309,Tony Fumagall,36,9466 Grayhawk Junction,tfumagall8k@wunderground.com,Female,997015907,T2175
310,Gratiana Souter,38,7 Bartillon Alley,gsouter8l@google.cn,Female,604770967,S52341P
311,Brandice Balloch,35,8 Stephen Drive,bballoch8m@senate.gov,Female,950651816,D6859
312,Madlin Breakey,35,024 Mockingbird Crossing,mbreakey8n@shareasale.com,Genderqueer,917541746,S98219
313,Louise Catford,38,7693 Anzinger Way,lcatford8o@ning.com,Female,344710904,V880XXA
314,Lennard Castelin,36,518 Thompson Way,lcastelin8p@sourceforge.net,Male,006311003,S60476
315,Arvy Mungan,37,6 Acker Avenue,amungan8q@gizmodo.com,Male,336134613,S42366B
316,Peggy Alexsandrowicz,36,6292 Beilfuss Court,palexsandrowicz8r@delicious.com,Female,801123648,V500XXD
317,Guillema Bowell,34,5035 Daystar Street,gbowell8s@yahoo.co.jp,Female,368304257,J03
318,Bartholomew De Blasi,34,56338 Packers Circle,bde8t@jigsy.com,Male,463110800,T63011A
319,Sandy Birckmann,38,045 Ramsey Crossing,sbirckmann8u@prweb.com,Male,664413466,S330XXS
320,Tirrell Joskowitz,41,6676 Mariners Cove Junction,tjoskowitz8v@foxnews.com,Male,982744127,V0929
321,Gerhardt Filisov,37,6 Clyde Gallagher Street,gfilisov8w@jimdo.com,Male,505956600,S0889XD
322,Smitty Stonnell,42,3319 Merrick Avenue,sstonnell8x@webs.com,Male,212155216,T424X6S
323,Roslyn Buddock,40,82726 Heffernan Road,rbuddock8y@squarespace.com,Female,934367337,S25391D
324,Arri Alelsandrowicz,43,8 Banding Point,aalelsandrowicz8z@xrea.com,Male,327953457,S41052S
325,Timmi Shoosmith,36,11411 Jackson Plaza,tshoosmith90@cbslocal.com,Female,313134000,S7599
326,Peria Philippet,39,55483 Gerald Court,pphilippet91@mozilla.com,Bigender,370552080,C505
327,Sarajane Karlsen,36,0 David Terrace,skarlsen92@ow.ly,Female,565732102,V9137
328,Clark Tanman,36,655 Mayfield Parkway,ctanman93@amazon.co.uk,Male,993620197,S72436M
329,Sydelle Whistlecraft,38,37 Elgar Hill,swhistlecraft94@i2i.jp,Female,18103,B69
330,Mollee Hicken,39,7 Carberry Plaza,mhicken95@jiathis.com,Female,496843199,S92901
331,Clair Molan,41,329 Johnson Park,cmolan96@prlog.org,Male,77479,Z0541
332,Brittaney Addekin,36,6723 Merchant Pass,baddekin97@51.la,Female,900331029,S98021S
333,Ashley Petroff,36,1 Hoffman Hill,apetroff98@ox.ac.uk,Male,704383688,S56929S
334,Patience Cornils,37,47 Sullivan Avenue,pcornils99@t.co,Female,497831822,S52131G
335,Vinni Bendon,44,97379 Judy Crossing,vbendon9a@joomla.org,Genderfluid,857126051,T477X5A
336,Vania Klousner,43,00053 Aberg Road,vklousner9b@wufoo.com,Female,816022270,L940
337,Ash Silkstone,39,23831 Park Meadow Place,asilkstone9c@pinterest.com,Male,64442,H21351
338,Raynell Metzig,43,6 Hagan Plaza,rmetzig9d@epa.gov,Female,933013731,E211
339,Fleming Boucher,37,01 Gulseth Pass,fboucher9e@etsy.com,Male,295660547,S68021
340,Annalee Groll,41,00 Lerdahl Center,agroll9f@acquirethisname.com,Female,347485925,S06302S
341,Noreen Gallafant,43,70275 Fordem Trail,ngallafant9g@nyu.edu,Female,112203599,S91154S
342,Madel Gregon,35,9834 Dahle Crossing,mgregon9h@xrea.com,Female,530811948,T3995XA
343,Lizabeth Kislingbury,41,3117 Harbort Avenue,lkislingbury9i@instagram.com,Female,731596708,S52232H
344,Saxe Petrus,41,50014 Saint Paul Alley,spetrus9j@wikipedia.org,Male,334096501,S99229D
345,Orton Haresnape,37,93897 Spohn Center,oharesnape9k@census.gov,Male,427171080,S92053G
346,Nanete Beldham,45,7 Melvin Trail,nbeldham9l@latimes.com,Female,310211488,S062X2
347,Colly Boldra,35,71387 Kingsford Trail,cboldra9m@narod.ru,Female,463739487,H30892
348,Shay Formigli,43,9 International Crossing,sformigli9n@wunderground.com,Male,562411442,C9140
349,Tedda Whotton,36,73583 Sage Place,twhotton9o@flavors.me,Female,331665643,T22292S
350,Deanna Brough,41,582 Sloan Point,dbrough9p@apple.com,Female,706656497,T457X2A
351,Deirdre Archdeckne,35,38594 Del Mar Avenue,darchdeckne9q@ebay.com,Female,191013703,S0461XS
352,Lida Fiennes,43,972 Old Gate Parkway,lfiennes9r@godaddy.com,Female,493072048,S43491S
353,Ann-marie Mingardo,39,628 Heath Alley,amingardo9s@cisco.com,Female,122011368,T24722A
354,Lindy Blair,41,9 Old Shore Court,lblair9t@adobe.com,Female,021272245,S65899S
355,Giralda Artiss,43,2 Blue Bill Park Hill,gartiss9u@usda.gov,Female,200172180,T468X1A
356,Jacky Lenoir,42,82718 Pond Drive,jlenoir9v@examiner.com,Male,072023625,M7741
357,Nettle Jeyes,45,5126 Clove Alley,njeyes9w@nymag.com,Polygender,027802753,S59231S
358,Adaline Pryke,37,7 Annamark Alley,apryke9x@reverbnation.com,Female,201863027,R2240
359,Ashleigh Freezor,35,8 Knutson Park,afreezor9y@businessweek.com,Female,726532953,S90819A
360,Haroun Reddyhoff,42,9 4th Court,hreddyhoff9z@imdb.com,Male,331653747,T24699S
361,Joelie Grgic,42,61699 Southridge Center,jgrgica0@twitter.com,Female,283582118,T1590
362,Sharity Clemas,45,04529 Twin Pines Pass,sclemasa1@sitemeter.com,Female,706055900,O3432
363,Fanechka Busson,41,125 Monterey Lane,fbussona2@ning.com,Female,007511162,M84454D
364,Ashil O'Hannen,44,67543 Prairie Rose Court,aohannena3@vk.com,Female,331865327,M9920
365,Candy Brightling,37,449 Blue Bill Park Center,cbrightlinga4@is.gd,Female,303848886,M1A2221
366,Karl Ramme,39,6 Algoma Court,krammea5@cam.ac.uk,Male,616145069,S82126H
367,Evin Zmitrichenko,35,01 Pond Center,ezmitrichenkoa6@ibm.com,Male,514491585,S93312S
368,Nell Gleader,41,6556 Kedzie Lane,ngleadera7@printfriendly.com,Female,111022448,V9515XS
369,Borg Lidyard,37,089 Schlimgen Hill,blidyarda8@cnbc.com,Male,947042608,V80790
370,Elinore Penman,41,726 Farmco Terrace,epenmana9@eepurl.com,Genderqueer,379215977,H02101
371,Peggi Vigurs,37,083 Sundown Street,pvigursaa@fc2.com,Female,128010304,M84759K
372,Nora Dietz,36,30 Merry Parkway,ndietzab@wikia.com,Female,281503917,P546
373,Gabriellia MacIlhagga,42,97331 Haas Lane,gmacilhaggaac@yale.edu,Female,31329,S0037XS
374,Dew Coiley,39,706 Hovde Circle,dcoileyad@google.fr,Male,537052254,S82113R
375,Georgena Rivel,38,9 Burning Wood Drive,grivelae@wikispaces.com,Female,191251012,T43625A
376,Robinette Russ,42,9 Vidon Center,rrussaf@paginegialle.it,Female,683591116,S7690
377,Darcee Habens,45,829 Dayton Hill,dhabensag@wsj.com,Female,331733015,Y36471
378,Violette Oaks,40,737 Park Meadow Terrace,voaksah@slate.com,Female,423470148,W6162
379,Thaddeus Corington,45,06606 Scofield Circle,tcoringtonai@pinterest.com,Male,193804412,S32112D
380,Bordy Sanney,45,5807 Lawn Lane,bsanneyaj@nasa.gov,Male,394520607,S04012A
381,Arluene Leverson,39,327 Mendota Circle,aleversonak@economist.com,Female,381202177,T655X2D
382,Mahmud Lackey,35,67 Logan Trail,mlackeyal@blinklist.com,Male,816508510,H0222
383,Yolande Godball,39,30 Oak Junction,ygodballam@trellian.com,Female,139054198,S66921S
384,Fifi Ferroni,44,5369 Green Plaza,fferronian@nba.com,Female,795537813,S52562B
385,Madeline Lishman,41,10273 Pond Crossing,mlishmanao@nih.gov,Female,489151925,S2763
386,Dallis Yeatman,41,187 Hoffman Circle,dyeatmanap@yolasite.com,Male,928684203,S4301
387,Tann Faill,39,39 Northview Lane,tfaillaq@thetimes.co.uk,Male,317941695,S20171D
388,Ewan Nibley,36,648 Ridgeway Lane,enibleyar@boston.com,Bigender,959677000,T40902S
389,Gilles Aitkin,42,6 Lakeland Avenue,gaitkinas@issuu.com,Male,906404317,S50349
390,Allianora Pentecost,40,885 Algoma Court,apentecostat@goo.gl,Female,344715159,M6747
391,Dyann Gillespie,38,019 Division Parkway,dgillespieau@geocities.jp,Female,380757461,S09399A
392,Genvieve Ruffle,41,99 Pine View Plaza,gruffleav@gravatar.com,Female,933064018,S56921S
393,Chrysa Fish,39,28810 Rieder Junction,cfishaw@house.gov,Female,469522600,M87236
394,Nomi Lishmund,41,0 Toban Junction,nlishmundax@webs.com,Female,606775070,M06351
395,Tibold Argile,37,2 Algoma Pass,targileay@meetup.com,Male,232271149,D46C
396,Demeter Biddleston,37,9705 Kingsford Center,dbiddlestonaz@state.tx.us,Female,180172344,E138
397,Henrietta Meriel,42,41 Westend Road,hmerielb0@geocities.com,Female,337014704,M12452
398,Merline Keysall,41,13194 Pine View Place,mkeysallb1@wikispaces.com,Female,33016,S02609
399,Pavel Bugge,39,0294 Dottie Lane,pbuggeb2@digg.com,Male,852246141,S2000XD
400,Reggi Warr,36,7 Almo Lane,rwarrb3@skyrock.com,Agender,762553616,E8940
401,Atalanta Newe,45,1 5th Plaza,aneweb4@reddit.com,Female,456318441,S46329D
402,Billy Spikins,48,7 Derek Alley,bspikinsb5@furl.net,Male,107016807,T81710
403,Torey Reddan,46,66837 David Way,treddanb6@cyberchimps.com,Female,707570098,S82145J
404,Barron Larcher,53,7 Starling Junction,blarcherb7@hostgator.com,Male,461684498,S63202
405,Eugenius McKillop,46,9 Granby Place,emckillopb8@yolasite.com,Male,850086486,S66526S
406,Roze Hedney,53,65125 Delladonna Plaza,rhedneyb9@blogspot.com,Female,553443248,S63490
407,Chicky Nisbith,51,2740 Barby Place,cnisbithba@samsung.com,Male,461312140,S82162
408,Ellie Remon,53,93 Merry Alley,eremonbb@usatoday.com,Female,078533518,S25402
409,Henrietta Oman,48,51733 Onsgard Center,homanbc@furl.net,Female,676421435,S72044H
410,Stefania Skaid,54,1805 Fairview Junction,sskaidbd@usa.gov,Female,716390887,S63105
411,Beauregard Dahmel,48,591 Helena Lane,bdahmelbe@cocolog-nifty.com,Male,076012050,T82532
412,Basil Thridgould,50,905 Dixon Alley,bthridgouldbf@umich.edu,Male,303743070,M84372G
413,Guenna Cumbes,53,5532 Village Crossing,gcumbesbg@biblegateway.com,Female,333093750,L97113
414,Salome Garfath,49,799 Moland Way,sgarfathbh@tiny.cc,Female,067906679,N602
415,Augusto Heinssen,45,1274 Scoville Alley,aheinssenbi@twitter.com,Male,287792722,R682
416,Addie Hulse,55,28 Bunker Hill Road,ahulsebj@homestead.com,Male,544495703,S42452P
417,Sansone Massingberd,55,4 Sherman Terrace,smassingberdbk@usa.gov,Male,577017375,M5410
418,Gaynor Watkiss,45,0072 Lake View Avenue,gwatkissbl@storify.com,Female,296154831,M87035
419,Modesta Prestner,46,079 Di Loreto Junction,mprestnerbm@washington.edu,Female,029054513,M25441
420,Beale Graalman,50,54718 Northport Court,bgraalmanbn@apache.org,Male,982231642,T463X
421,Melantha Crookall,54,9 Karstens Circle,mcrookallbo@craigslist.org,Female,850063742,T82521
422,Aurie Baff,53,7587 Stuart Road,abaffbp@foxnews.com,Agender,679510010,S31000S
423,Sidney Mallatratt,48,2 Weeping Birch Trail,smallatrattbq@cyberchimps.com,Male,765445060,H30033
424,Octavius Francesconi,44,92567 Johnson Road,ofrancesconibr@pcworld.com,Male,309055741,S42351
425,Ardene Oganesian,51,48669 Manufacturers Parkway,aoganesianbs@pbs.org,Non-binary,927801960,S52025R
426,Alexis Zorzini,50,2443 Valley Edge Pass,azorzinibt@elpais.com,Female,611082381,T82593S
427,Frank Annesley,51,9133 1st Center,fannesleybu@usgs.gov,Male,009103881,M60841
428,Holden Aireton,52,191 Huxley Place,hairetonbv@blogs.com,Male,495032560,M831
429,Lelah Latter,47,855 Gerald Terrace,llatterbw@yahoo.com,Agender,391211488,H01134
430,Jacquie McAirt,53,56958 Johnson Lane,jmcairtbx@tiny.cc,Female,219216395,S34139
431,Klarika Meiningen,47,4 Golf Course Lane,kmeiningenby@engadget.com,Female,052012225,S00442D
432,Riane Bertlin,48,9580 Jay Trail,rbertlinbz@eepurl.com,Female,006012201,Q6102
433,Murielle O' Mara,49,815 Manitowish Parkway,moc0@stumbleupon.com,Female,585400039,S7037
434,Rosita Dow,53,45496 Grasskamp Circle,rdowc1@netvibes.com,Female,104515504,T69021A
435,Corey Kohler,48,12 Birchwood Point,ckohlerc2@acquirethisname.com,Male,762402002,T2147XA
436,Trever Chuck,44,75731 Hanson Way,tchuckc3@oracle.com,Male,707910887,T24139A
437,Tulley Errichi,49,8 Roth Center,terrichic4@nyu.edu,Male,717110797,T23139A
438,Wallie Lacroux,48,11 Armistice Circle,wlacrouxc5@printfriendly.com,Male,488119693,T24109
439,Rozelle Cowing,54,8928 Melvin Center,rcowingc6@soup.io,Female,792012320,E70318
440,Dacie Agney,54,24325 Loeprich Circle,dagneyc7@tripod.com,Genderfluid,592302604,T6091XD
441,Helene Maggill'Andreis,48,507 New Castle Junction,hmaggillandreisc8@php.net,Female,765743564,S72451M
442,Vernice Rylett,52,44220 Mitchell Plaza,vrylettc9@bbb.org,Female,486025303,T474X3D
443,Dyanna Evill,49,6 Ridgeview Park,devillca@parallels.com,Female,761094831,T597X2S
444,Henka Zettler,44,109 Crest Line Way,hzettlercb@parallels.com,Female,020611632,T541X2A
445,Lorne Dalmon,48,481 Harper Way,ldalmoncc@illinois.edu,Female,900742920,S76902S
446,Burk Smittoune,51,8239 Mcbride Terrace,bsmittounecd@mtv.com,Male,191400096,M02052
447,Tiffani Wetherill,53,86 Surrey Point,twetherillce@kickstarter.com,Female,310367297,M1A49X1
448,Hadlee Sporgeon,55,3945 Elmside Junction,hsporgeoncf@ucla.edu,Male,334267941,H02531
449,Moises Hunnable,49,39407 Ruskin Parkway,mhunnablecg@seesaa.net,Male,331835101,S95812A
450,Lothario Himsworth,49,506 Bayside Alley,lhimsworthch@latimes.com,Male,502012902,G700
451,Homere Ackery,48,4 Thierer Point,hackeryci@wufoo.com,Male,926633526,S72144R
452,Nissie Markushkin,46,0 Grim Court,nmarkushkincj@archive.org,Female,331801204,M71021
453,Shane Trevorrow,48,8 Jenifer Drive,strevorrowck@webs.com,Female,55057,Z822
454,Tymothy Worsom,54,5 Tennyson Drive,tworsomcl@techcrunch.com,Male,394520607,T25219
455,Martin Putten,53,17 6th Lane,mputtencm@archive.org,Male,321745133,S62141A
456,Amalia Mitchelhill,46,78376 Arkansas Pass,amitchelhillcn@scribd.com,Female,891092317,S73022D
457,Leila Crosetti,53,73529 Division Parkway,lcrosettico@feedburner.com,Female,330246184,S56199
458,Coralyn Pessler,44,4154 Holmberg Circle,cpesslercp@diigo.com,Female,212231558,W899XXS
459,Ardys Ferenczi,52,1025 Schmedeman Park,aferenczicq@163.com,Female,64744,T343XXS
460,Alyda Sperring,50,48 Summit Crossing,asperringcr@ustream.tv,Female,331733015,H21229
461,Sidonia Peckham,47,817 Utah Crossing,speckhamcs@phoca.cz,Female,525569572,S72002G
462,Delainey O'Halligan,53,8585 Arapahoe Street,dohalliganct@shutterfly.com,Male,922703221,C148
463,Ingeberg Reddin,50,5 Oriole Plaza,ireddincu@csmonitor.com,Female,900748636,R978
464,Rad Cleobury,45,8 Gerald Park,rcleoburycv@theatlantic.com,Male,194284108,Y3521
465,Chuck Lamas,46,44 Ridgeview Junction,clamascw@yellowpages.com,Male,253091311,S8255XP
466,Golda Olifard,48,3 Dapin Park,golifardcx@reference.com,Female,794155346,Q89
467,Richie De Filippis,51,69 Clove Park,rdecy@wikipedia.org,Male,600482149,S99141A
468,Fannie Dederick,45,57 Elmside Center,fdederickcz@telegraph.co.uk,Female,515604357,S42019G
469,Seth Shepland,46,0669 Blackbird Pass,ssheplandd0@si.edu,Male,352331711,S98022
470,Jeniffer Shepherdson,46,0606 Springs Crossing,jshepherdsond1@va.gov,Female,180782574,H05113
471,Issie Hedderly,45,29765 Pankratz Junction,ihedderlyd2@canalblog.com,Female,497210419,S20469
472,Darrelle MacArthur,48,110 Meadow Valley Circle,dmacarthurd3@princeton.edu,Female,711055714,F16950
473,Jud Sergeaunt,50,3 Ridgeview Place,jsergeauntd4@jalbum.net,Male,72143,L97911
474,Jeremiah Osant,47,3932 Saint Paul Road,josantd5@digg.com,Male,400651660,S52036H
475,Traci Chestle,46,7407 Veith Way,tchestled6@about.com,Female,670639602,T463X6A
476,Pavel Rosendale,45,2 Rockefeller Way,prosendaled7@apache.org,Male,330154352,B68
477,Jody Lotwich,51,626 Longview Court,jlotwichd8@bloglines.com,Genderqueer,800457106,S85812
478,Maribeth Mityashev,54,76300 Birchwood Avenue,mmityashevd9@surveymonkey.com,Female,104672545,W881XXA
479,Frances Yesinin,45,3 Glendale Pass,fyesininda@taobao.com,Female,604321439,S066X1
480,Asa Ruckert,48,5 Green Court,aruckertdb@craigslist.org,Male,763063705,M84653P
481,Oliviero Westmoreland,47,12296 Chinook Road,owestmorelanddc@tumblr.com,Male,282604093,C8490
482,Stanfield Zupo,46,721 Little Fleur Lane,szupodd@chronoengine.com,Male,309096521,J953
483,Margarette Heiner,52,527 Gina Court,mheinerde@prweb.com,Female,211575726,S60451
484,Yves Flipsen,45,27304 Eastwood Alley,yflipsendf@census.gov,Bigender,544561706,T421X5D
485,Jessi Beckworth,53,884 Clyde Gallagher Alley,jbeckworthdg@comsenz.com,Female,480755403,S52182
486,Randi Lidstone,53,4 Graedel Plaza,rlidstonedh@ycombinator.com,Male,275605491,S52352A
487,Taber Borland,53,42335 Hazelcrest Place,tborlanddi@gmpg.org,Male,137537407,S32426D
488,Berk Shadrack,54,5 Dwight Way,bshadrackdj@google.co.jp,Male,686021800,T8649
489,Maisey Votier,54,227 Moulton Point,mvotierdk@last.fm,Polygender,554033724,T2621
490,Giff Belsham,47,2661 Elgar Place,gbelshamdl@census.gov,Male,330253925,T82312D
491,Noella Mignot,47,68 Menomonie Avenue,nmignotdm@unicef.org,Female,72602,S48121S
492,Isiahi Piatti,52,55776 Boyd Park,ipiattidn@histats.com,Male,913676701,H35162
493,Rhiamon Molloy,51,20 Sunbrook Way,rmolloydo@globo.com,Female,212283703,Y36020A
494,Angeline Daynter,47,4682 Jackson Way,adaynterdp@people.com.cn,Female,441225203,V9121XS
495,Trenton Bannard,53,785 Rieder Plaza,tbannarddq@tiny.cc,Male,900840149,L568
496,Frederico Children,49,8 Browning Trail,fchildrendr@infoseek.co.jp,Male,158010447,S89121K
497,Freddie Rockhill,47,3 David Parkway,frockhillds@tripadvisor.com,Female,138202629,S11022D
498,Griff Brahms,52,05057 Spenser Circle,gbrahmsdt@bluehost.com,Polygender,331653242,S25311A
499,Idalina Whickman,47,66 Buena Vista Circle,iwhickmandu@blog.com,Female,730182738,P789
500,Gustaf Keenlayside,52,11760 Rowland Alley,gkeenlaysidedv@comsenz.com,Male,917063241,S61542
501,Leila Lilywhite,49,92783 4th Junction,llilywhitedw@sbwire.com,Female,112172208,S25809A
502,Nils Stockley,54,8804 Golf Park,nstockleydx@icq.com,Male,146213001,T189XXS
503,Alfons Shilito,49,99989 Holy Cross Center,ashilitody@technorati.com,Male,282601743,S62511P
504,Margi Wein,53,9 Cody Parkway,mweindz@scribd.com,Female,272624303,S75919D
505,Maria Bompass,48,51246 Trailsway Drive,mbompasse0@tamu.edu,Female,226641127,P042
506,Kathie Raffin,54,67870 Union Parkway,kraffine1@yelp.com,Female,396530744,C8136
507,Gae Rouke,52,0480 Melby Point,groukee2@scientificamerican.com,Female,907035438,S92192A
508,Berry Jory,46,1087 Northridge Pass,bjorye3@twitpic.com,Female,164079121,S72463N
509,Curt Konneke,44,1181 Kingsford Avenue,ckonnekee4@ustream.tv,Male,744621611,M21271
510,Bobbe Hagstone,48,745 Petterle Alley,bhagstonee5@yale.edu,Female,926833396,S3630XA
511,Robinett Collins,48,4 Holy Cross Lane,rcollinse6@woothemes.com,Female,436241120,S60444S
512,Horatius Merrell,47,2 Havey Lane,hmerrelle7@mozilla.com,Male,217014506,S2519
513,Waldemar Katte,45,2 Buell Court,wkattee8@slideshare.net,Male,53212,S064X4
514,Mathian Merigon,51,7705 Eggendart Drive,mmerigone9@yale.edu,Genderqueer,895203006,I70431
515,Aubine Bloomfield,52,14 Pleasure Plaza,abloomfieldea@cpanel.net,Female,422235318,T24412D
516,Gelya Delwater,50,96071 Monica Terrace,gdelwatereb@independent.co.uk,Female,02114,S90424D
517,Krystalle Amori,50,2 Portage Center,kamoriec@wired.com,Genderfluid,900840145,T604X4D
518,Latisha Ingham,46,3703 Becker Alley,linghamed@cdbaby.com,Female,792011030,S63634
519,Nikki Cutchee,51,39324 Morning Park,ncutcheeee@tmall.com,Female,333243273,S72121K
520,Kora Birchenough,50,80266 Helena Crossing,kbirchenoughef@icio.us,Female,331835101,L8995
521,Reade Cursons,52,75 Meadow Valley Crossing,rcursonseg@google.it,Male,606731299,W15XXXD
522,Dorris Lambeth,48,67686 Sunfield Avenue,dlambetheh@quantcast.com,Female,442602022,S21211D
523,Trudy Roydon,52,32463 Division Park,troydonei@chronoengine.com,Female,700704349,B37
524,Ker Ivanets,44,06 Calypso Court,kivanetsej@taobao.com,Male,158011440,S066X9D
525,Rodie Feakins,45,173 Jay Street,rfeakinsek@opensource.org,Female,902741812,S89122
526,Dulci Samarth,47,8121 Maple Wood Parkway,dsamarthel@github.io,Female,044121005,H59092
527,Zebedee Danniell,53,86698 Sachs Lane,zdanniellem@mozilla.org,Male,106014615,T453X2S
528,Trisha Bauduin,51,6 Bunting Terrace,tbauduinen@nifty.com,Female,480333849,M11021
529,Clarance Dodding,46,0810 Amoth Parkway,cdoddingeo@flavors.me,Male,163652111,S53194S
530,Amble Tasseler,46,336 Marquette Avenue,atasselerep@cafepress.com,Male,286212447,M89462
531,Herby Bradden,49,48839 Lakeland Way,hbraddeneq@nhs.uk,Male,152640631,S0636
532,Ralf Archibold,52,881 Paget Way,rarchibolder@pagesperso-orange.fr,Male,850122702,S20222A
533,Luigi Janovsky,46,46785 Pepper Wood Park,ljanovskyes@twitpic.com,Agender,303033031,I25739
534,Hewe Morrish,54,298 Manufacturers Plaza,hmorrishet@networksolutions.com,Male,98848,S62358B
535,Aimil Levane,50,90 Lukken Center,alevaneeu@e-recht24.de,Female,875442385,S39021A
536,Mikael Olyfant,48,05332 Summit Lane,molyfantev@infoseek.co.jp,Male,802203808,S62112A
537,Alvy Stringman,47,1782 Gateway Crossing,astringmanew@wikispaces.com,Male,850122702,S23101D
538,Farrell Dancer,53,39187 Lyons Junction,fdancerex@github.com,Male,784660465,T82318
539,Eddy Hartley,50,49201 Harper Plaza,ehartleyey@go.com,Male,024466773,Y01XXXD
540,Bridie Kleinholz,48,15571 Forster Junction,bkleinholzez@tumblr.com,Female,945668300,T5294
541,Douglass Birtonshaw,46,7 Acker Hill,dbirtonshawf0@oaic.gov.au,Male,10707,S272
542,Leodora Stoodale,54,14817 Onsgard Park,lstoodalef1@yelp.com,Female,389015230,E103491
543,Verge Flay,49,0 Forster Center,vflayf2@gizmodo.com,Male,785826999,X04XXXA
544,Aloin Mattes,49,698 Golf Crossing,amattesf3@ucoz.com,Male,088162511,T497X1S
545,Fidela Laughren,49,86 Mallory Plaza,flaughrenf4@aol.com,Female,606123833,S52691M
546,Noland Calbaithe,49,3752 Sycamore Plaza,ncalbaithef5@businessweek.com,Male,485035902,M71072
547,Karee O'Monahan,52,5197 Hanson Place,komonahanf6@sourceforge.net,Female,758627602,H15001
548,Eberto Lievesley,52,5758 Eastlawn Pass,elievesleyf7@sbwire.com,Male,394283894,M21769
549,Gwenneth Lawfull,51,69770 Bartelt Junction,glawfullf8@last.fm,Female,478024749,S58029D
550,Laina Liddyard,49,0 Starling Drive,lliddyardf9@craigslist.org,Female,708163254,M80031G
551,Benton Canfield,54,92 Crownhardt Crossing,bcanfieldfa@soundcloud.com,Male,20148,O690XX1
552,Wenda Probets,53,31595 Becker Alley,wprobetsfb@twitpic.com,Female,664414228,Q81
553,Regine Cheng,50,4074 Moulton Center,rchengfc@berkeley.edu,Female,239701431,S63061
554,Meier Barth,53,302 Harbort Hill,mbarthfd@macromedia.com,Genderqueer,674102153,M90832
555,Yanaton Itzkovitch,48,496 Farragut Parkway,yitzkovitchfe@a8.net,Male,606860081,S23428
556,Darya Evans,46,59463 Forest Dale Alley,devansff@liveinternet.ru,Female,070782560,O29191
557,Lucas Shearer,51,7 Sage Place,lshearerfg@themeforest.net,Male,850122702,R931
558,Abra Trehearne,45,395 Mallard Junction,atrehearnefh@smugmug.com,Female,453423660,S27332
559,Kevon Zanicchelli,53,5 Hooker Point,kzanicchellifi@loc.gov,Male,486700001,M898X
560,Madison Larmett,53,47 Lakewood Gardens Crossing,mlarmettfj@yelp.com,Male,295269142,S85492S
561,Brennan Benford,55,20991 Surrey Terrace,bbenfordfk@e-recht24.de,Male,112032017,S91201S
562,Elga Le Moucheux,45,0275 Corben Trail,elefl@bing.com,Female,074502726,S5702XD
563,Christian Lickess,51,9 Hazelcrest Pass,clickessfm@ucoz.com,Female,941450680,S0422XD
564,Igor Alvin,51,57 Anzinger Park,ialvinfn@yelp.com,Male,474214704,M84650G
565,Jacenta Purslow,53,87 Pierstorff Plaza,jpurslowfo@moonfruit.com,Female,179012710,T536X2D
566,Cathrin Migheli,53,1 Sage Court,cmighelifp@facebook.com,Female,739424438,M24129
567,Clio Dutton,52,48 Hayes Place,cduttonfq@ucsd.edu,Female,832130145,S20401S
568,Cher Purslow,45,155 6th Terrace,cpurslowfr@state.tx.us,Female,388021807,M23612
569,Bondy Flemming,54,323 Tony Junction,bflemmingfs@photobucket.com,Male,935553130,T5802XA
570,Ambrosi Banasik,47,86 Veith Junction,abanasikft@ed.gov,Male,641802208,A5031
571,Coop McCrann,48,708 Bultman Trail,cmccrannfu@skyrock.com,Male,544495703,S60442A
572,Kikelia Clendinning,50,27 Chive Terrace,kclendinningfv@weather.com,Female,658075209,T3694XA
573,Kara Dhennin,51,6 Mendota Park,kdhenninfw@guardian.co.uk,Female,773770889,V9333XS
574,Charmain Snashall,46,5 Evergreen Avenue,csnashallfx@nyu.edu,Non-binary,191787642,T382X4S
575,Chane Meggison,51,6920 Sachtjen Drive,cmeggisonfy@chron.com,Male,972920800,S3217XD
576,Katti Bottoner,46,07 Arkansas Way,kbottonerfz@ucla.edu,Female,92024,T485X1S
577,Bernhard Lebond,49,3 Vidon Park,blebondg0@goo.ne.jp,Male,370274536,S53002
578,Spence Pighills,47,5356 Starling Road,spighillsg1@wikia.com,Male,775912500,M1251
579,Dulce Palfreeman,44,1 Prairie Rose Street,dpalfreemang2@pen.io,Female,331553009,K0510
580,Cayla Cage,51,26903 Lotheville Terrace,ccageg3@stumbleupon.com,Female,631501092,I723
581,Sim Delafont,54,02865 Gulseth Trail,sdelafontg4@usa.gov,Male,65571,M90539
582,Domingo Kenneford,49,39 Starling Center,dkennefordg5@ameblo.jp,Male,989440719,S0034XA
583,Celestina Tolputt,48,42 Eggendart Center,ctolputtg6@angelfire.com,Genderfluid,303847723,Z8751
584,Calvin Gilliver,51,0 Prairieview Park,cgilliverg7@bloglines.com,Male,372156293,S60947
585,Clarence Harmon,46,1 Lillian Avenue,charmong8@mtv.com,Male,479783211,S42353
586,Ali Connochie,51,15308 Crescent Oaks Drive,aconnochieg9@surveymonkey.com,Male,900741515,T632X3A
587,Guilbert Von Oertzen,50,58 Novick Park,gvonga@so-net.ne.jp,Male,112123139,S81842D
588,Town Waterdrinker,54,0867 Morningstar Pass,twaterdrinkergb@army.mil,Male,170112204,S0050
589,Giustino Derell,53,3748 3rd Circle,gderellgc@cnbc.com,Male,812010429,M85461
590,Kerry Medina,48,787 Ramsey Circle,kmedinagd@desdev.cn,Male,440011350,H31413
591,Mead Gut,52,086 Chinook Parkway,mgutge@webeden.co.uk,Female,514451699,M84559A
592,Louis Olivas,48,9786 Swallow Crossing,lolivasgf@ox.ac.uk,Male,374010070,M2502
593,Ursola Seacombe,56,5 Gale Hill,useacombegg@skyrock.com,Female,029093112,S65516A
594,Kitti Yorke,64,2 Fieldstone Terrace,kyorkegh@ucoz.com,Female,549113454,R55
595,Karoline Scamadine,59,764 Golf Circle,kscamadinegi@disqus.com,Female,795530911,S62362D
596,Muffin McDougald,61,094 Grim Road,mmcdougaldgj@fc2.com,Male,046191329,H9203
597,Karna Izakovitz,63,9 Meadow Ridge Crossing,kizakovitzgk@devhub.com,Female,751543833,R9401
598,Valli Yitzhakov,62,46 Eagan Road,vyitzhakovgl@umn.edu,Female,336154715,T23622D
599,Garvin Fateley,56,9 Duke Way,gfateleygm@cpanel.net,Male,440942948,O411222
600,Otes Tesmond,57,7079 5th Way,otesmondgn@marriott.com,Male,270167360,T23619D
601,Adrian Bolesma,63,7 Kensington Lane,abolesmago@biglobe.ne.jp,Male,94115,I69849
602,Any Nix,55,9 Mayer Park,anixgp@jiathis.com,Male,774379535,S52355K
603,Gwen Rothery,62,43 Norway Maple Avenue,grotherygq@cisco.com,Female,351602217,S52021H
604,Leelah Ochiltree,61,2 Crest Line Parkway,lochiltreegr@posterous.com,Female,158011440,M60077
605,Bridgette Brolechan,56,17132 Gulseth Drive,bbrolechangs@chicagotribune.com,Female,926472656,T409
606,Bari Leishman,60,263 Florence Junction,bleishmangt@bigcartel.com,Female,278704914,S31152S
607,Damiano Rossi,58,9 Lake View Avenue,drossigu@live.com,Male,103121807,Y37540A
608,Chiarra Veitch,60,5483 Dunning Place,cveitchgv@behance.net,Female,927085409,S31152
609,Peggy Moores,65,5781 Oneill Point,pmooresgw@baidu.com,Female,29118,T655X4S
610,Heather Dumbare,58,69 Pine View Parkway,hdumbaregx@miitbeian.gov.cn,Female,705380577,H04002
611,Martguerita Kleinschmidt,59,1 Esch Center,mkleinschmidtgy@upenn.edu,Female,644821528,S7500
612,Alister Philipsson,58,784 Nancy Center,aphilipssongz@addthis.com,Bigender,259621064,T4272XD
613,Allegra Gussie,60,61175 Hudson Trail,agussieh0@amazonaws.com,Female,330123412,H33013
614,Othilia Dries,58,025 Anzinger Junction,odriesh1@cbsnews.com,Female,087015928,S66328S
615,Pierce Long,56,53306 Gale Plaza,plongh2@linkedin.com,Male,852488134,S82444P
616,Rebecca Konig,58,9470 Meadow Ridge Drive,rkonigh3@shareasale.com,Female,212630023,J351
617,Trumaine Antonnikov,58,5 Montana Hill,tantonnikovh4@pagesperso-orange.fr,Male,215023765,Z8632
618,Tilly Impey,64,6 Shoshone Trail,timpeyh5@devhub.com,Female,768251150,S41059A
619,Austin Bucknall,56,902 Bayside Trail,abucknallh6@over-blog.com,Male,802044507,S63249
620,Ettie Hanham,64,0134 Union Crossing,ehanhamh7@goo.gl,Female,453423794,M12129
621,Millicent Bottinelli,55,7077 Main Point,mbottinellih8@smh.com.au,Female,72401,I69920
622,Rafa Shucksmith,54,1 Shelley Lane,rshucksmithh9@discuz.net,Female,138202099,T81524S
623,Quincy Rohlfing,59,38 Magdeline Hill,qrohlfingha@unc.edu,Male,634015210,A5044
624,Dniren Langeren,61,5 Sloan Trail,dlangerenhb@dedecms.com,Female,331854067,Y78
625,Francesco Pedican,61,4 Ridgeview Way,fpedicanhc@technorati.com,Male,208741186,S7223XG
626,Matteo Domingues,57,6 Burning Wood Hill,mdomingueshd@huffingtonpost.com,Male,058559326,S15321A
627,Marlie Shyre,60,641 Namekagon Drive,mshyrehe@weather.com,Female,129835644,H33059
628,Inez Peasgood,62,735 Summit Junction,ipeasgoodhf@ed.gov,Female,020623487,S61255A
629,Gasper Eveleigh,64,85188 Maple Trail,geveleighhg@digg.com,Male,117401602,S2241XK
630,Rozelle Caddy,62,7550 Armistice Crossing,rcaddyhh@tiny.cc,Female,514427584,S0144
631,Shanta Vasilevich,61,26 Spenser Point,svasilevichhi@e-recht24.de,Genderqueer,488431002,S37599A
632,Tobe Eakle,61,7 Hudson Court,teaklehj@google.com,Male,074441647,S82846C
633,Hersh Pearle,59,85015 Miller Point,hpearlehk@goo.gl,Male,983906390,M2563
634,Karole Pallasch,61,9703 Swallow Point,kpallaschhl@pen.io,Female,917544715,T461X6D
635,Curtice Murphy,64,05 School Court,cmurphyhm@prweb.com,Male,754014101,M62232
636,Koenraad Coxhell,58,5 Delladonna Crossing,kcoxhellhn@npr.org,Genderfluid,370273280,V42
637,Editha Episcopi,63,0 Susan Terrace,eepiscopiho@parallels.com,Female,941432202,J860
638,Dorisa Bradd,62,62566 Mallard Alley,dbraddhp@biglobe.ne.jp,Female,330702514,S52202M
639,Travus Colcutt,64,90435 Prairieview Drive,tcolcutthq@netlog.com,Male,462601903,S93609D
640,Hilliard Marcroft,57,6575 Packers Pass,hmarcrofthr@time.com,Male,471504990,S92313K
641,Prissie Becarra,59,1 Russell Parkway,pbecarrahs@spotify.com,Female,469471528,V359XXS
642,Godard Brogini,63,68200 Vernon Way,gbroginiht@state.tx.us,Male,061083579,A388
643,Lori Thorneloe,58,818 Sheridan Road,lthorneloehu@google.com,Genderqueer,752847229,S30871
644,Missy Cuppitt,61,29 Blaine Avenue,mcuppitthv@huffingtonpost.com,Female,630802354,E722
645,Orelle Hrus,54,21 Anthes Center,ohrushw@nbcnews.com,Female,840411142,T504X4S
646,Valma Toulch,64,3 Fuller Trail,vtoulchhx@eventbrite.com,Female,505015740,S71149A
647,Nolie Escalera,56,05 Eastlawn Circle,nescalerahy@answers.com,Female,75284,S75202D
648,Issie Farbrother,58,0384 Debra Pass,ifarbrotherhz@aol.com,Polygender,237042266,S52614N
649,Cooper Anthiftle,59,939 Leroy Road,canthiftlei0@yahoo.com,Male,331695710,H9589
650,Alisha Coalbran,56,123 Southridge Way,acoalbrani1@cam.ac.uk,Female,007372800,T83032
651,Toby Grouen,61,315 Rieder Center,tgroueni2@51.la,Female,495064810,H439
652,Marlon Tizard,55,94658 Esch Street,mtizardi3@unesco.org,Male,300195920,T434X5S
653,Franciska Grinsted,57,3 Pepper Wood Road,fgrinstedi4@xing.com,Female,639013930,S89329A
654,Faythe Ilson,60,2116 Bayside Alley,filsoni5@timesonline.co.uk,Non-binary,606123714,H5123
655,Dimitri Folkerts,64,4 Mayfield Center,dfolkertsi6@oakley.com,Male,558112652,S06308S
656,Paten Hay,57,6 Mifflin Drive,phayi7@etsy.com,Male,752847488,S56404D
657,Addie Porson,65,8494 1st Park,aporsoni8@imgur.com,Male,463250704,Y92031
658,Torry Cottom,62,4 Bobwhite Circle,tcottomi9@stanford.edu,Male,48427,V00128
659,Jeremy Arenson,57,4 Pleasure Crossing,jarensonia@washingtonpost.com,Male,752525618,S2411
660,Nicolis Panter,59,32 Mariners Cove Street,npanterib@nba.com,Male,26301,T492X2S
661,Burl Fere,61,51 Independence Terrace,bfereic@chicagotribune.com,Male,891336340,S52343N
662,Curt Danielczyk,62,811 Farmco Center,cdanielczykid@timesonline.co.uk,Male,486700001,X80
663,Florida McRobbie,55,7714 Utah Terrace,fmcrobbieie@bbb.org,Female,331756302,T83719D
664,Anderea Stainland,59,0 Golden Leaf Place,astainlandif@boston.com,Female,395021810,S01422A
665,Dilan Foulcher,54,2670 Mesta Street,dfoulcherig@hostgator.com,Male,009265955,H34812
666,Brandea Levermore,57,9 Mandrake Lane,blevermoreih@dell.com,Female,281503917,B6790
667,Gerrilee Mapes,54,32844 Farmco Alley,gmapesii@dailymotion.com,Female,554860013,V346
668,York Sponer,58,39639 Hoepker Parkway,ysponerij@arizona.edu,Male,594420249,S63639D
669,Sigismond McCann,65,6 Coleman Trail,smccannik@google.ru,Polygender,664411386,S82202E
670,Burtie Curnow,64,3 Delaware Hill,bcurnowil@ning.com,Male,286212445,M84442G
671,Emmalynn Oxby,61,2 Monterey Road,eoxbyim@dmoz.org,Non-binary,370274536,S82454
672,Chelsea Stickland,54,3 Continental Point,csticklandin@blinklist.com,Female,714493717,S60912D
673,Archibold Cassells,54,02 Northfield Way,acassellsio@delicious.com,Male,021385502,T733XXS
674,Balduin Scading,57,08 Burrows Center,bscadingip@zimbio.com,Male,191202421,I70629
675,Si Gulleford,63,9056 Hollow Ridge Place,sgullefordiq@hibu.com,Male,532788866,W554
676,Christie Camous,58,1 Transport Plaza,ccamousir@facebook.com,Male,104672401,H2523
677,Mario Delmage,55,65 Jana Alley,mdelmageis@webmd.com,Male,824143409,T63813S
678,Cullin Mollnar,59,13467 Becker Park,cmollnarit@ehow.com,Male,731125300,S96022A
679,Lezlie Ivancevic,62,7 Knutson Point,livanceviciu@blogspot.com,Female,328864844,M87212
680,Chic Greswell,61,0323 Talisman Avenue,cgreswelliv@blogspot.com,Male,720339662,S49121A
681,Alic Kelson,56,0345 Valley Edge Street,akelsoniw@telegraph.co.uk,Male,282751177,S06899
682,Cliff Gietz,58,1184 Morning Parkway,cgietzix@ezinearticles.com,Male,461312179,T4302
683,Netty Berryann,59,70 Lillian Way,nberryanniy@t.co,Female,331444132,J940
684,Dena Wharrier,59,20020 Summer Ridge Place,dwharrieriz@tuttocitta.it,Agender,712210006,S83123S
685,Marilyn Tilney,56,01 Center Point,mtilneyj0@exblog.jp,Female,789571730,T82332S
686,Ferd Cowlard,60,0491 Loeprich Avenue,fcowlardj1@soup.io,Male,02536,S62175D
687,Pepe Enion,60,66401 Sullivan Crossing,penionj2@g.co,Male,955461288,S00202S
688,Ileane Pothecary,60,3326 Luster Road,ipothecaryj3@unc.edu,Female,009564816,N801
689,Annecorinne McIlraith,59,575 Golf Drive,amcilraithj4@nyu.edu,Female,911101363,Q72819
690,Gannie Dawber,60,83 Upham Court,gdawberj5@fda.gov,Genderfluid,796041198,I97640
691,Thoma Jerdan,63,4 Arkansas Junction,tjerdanj6@jiathis.com,Male,708084375,T24192
692,Ellis Giorgetti,63,28497 Waxwing Hill,egiorgettij7@chicagotribune.com,Male,446211003,M1220
693,Lucho Dowson,58,17 Center Alley,ldowsonj8@ca.gov,Male,900884577,M87112
694,Fenelia Vandenhoff,56,1224 Prairieview Center,fvandenhoffj9@stanford.edu,Genderfluid,064053009,E648
695,Mohandis Bachura,58,2711 Doe Crossing Terrace,mbachuraja@weebly.com,Male,773395222,V00188D
696,Rollins Noye,63,51 Rigney Street,rnoyejb@flavors.me,Male,331442575,S24109S
697,Ida Klimowicz,55,11322 Goodland Junction,iklimowiczjc@edublogs.org,Female,514422210,T84410S
698,Kelcie Sedgeworth,58,74610 Lakewood Gardens Alley,ksedgeworthjd@jiathis.com,Female,021155724,M84476
699,Garrek Jarmaine,58,3190 Novick Trail,gjarmaineje@dyndns.org,Male,751492434,S23110S
700,Merrili Vittore,54,51513 American Plaza,mvittorejf@t.co,Female,100873467,T43203A
701,Brendon Kidder,56,26931 Rowland Street,bkidderjg@imdb.com,Male,331603334,S70322S
702,Cornie Lansberry,61,2620 Warbler Hill,clansberryjh@yandex.ru,Female,475012860,H33119
703,Bili Worthy,55,6 Mcguire Trail,bworthyji@github.com,Female,122124890,V279XXS
704,Herman Maes,62,27840 Parkside Hill,hmaesjj@wisc.edu,Male,913642573,S01311D
705,Kimmi Dalrymple,62,230 Shopko Court,kdalrymplejk@squidoo.com,Female,475471028,S90871
706,Miguel Teanby,65,415 Eagan Drive,mteanbyjl@nba.com,Male,989263875,V890XXA
707,Uriel Geffinger,64,09540 Armistice Hill,ugeffingerjm@bravesites.com,Male,422235318,H18811
708,Vern Nisius,55,2 Monument Drive,vnisiusjn@samsung.com,Male,33716,S3421
709,Ashton Videler,59,12 Grasskamp Point,avidelerjo@time.com,Male,284255131,V0310XD
710,Birdie Rennocks,59,32754 Sutteridge Lane,brennocksjp@amazon.com,Female,080024202,H2520
711,Adelaide Dommerque,56,8 Lakewood Court,adommerquejq@tripod.com,Female,900276062,S72123Q
712,Egan Lembrick,57,2434 Summerview Lane,elembrickjr@so-net.ne.jp,Polygender,232271149,Z0289
713,Nils Ramsay,56,0704 Darwin Plaza,nramsayjs@baidu.com,Male,191787642,S00262A
714,Kassandra Holbie,60,61762 Sloan Pass,kholbiejt@sohu.com,Female,482772739,S98019D
715,Henry Quinell,59,96 Gina Court,hquinellju@hatena.ne.jp,Male,816014286,M1021
716,Kori MacConnechie,64,167 Del Sol Drive,kmacconnechiejv@mysql.com,Female,334097021,S82102R
717,Kimmi Riggoll,56,512 Quincy Way,kriggolljw@loc.gov,Female,837061338,W6101
718,Meade Yukhnevich,60,26 Anniversary Avenue,myukhnevichjx@skyrock.com,Male,770775865,S92016D
719,Aksel Corp,58,46 Bonner Hill,acorpjy@icio.us,Male,151087726,S42295D
720,Carolin Corneil,59,658 Miller Pass,ccorneiljz@plala.or.jp,Female,468955600,S12091B
721,Joelynn Alwen,57,518 Buell Center,jalwenk0@patch.com,Female,381114744,E2839
722,Garret Smewings,57,02 Summer Ridge Alley,gsmewingsk1@census.gov,Male,171012010,T502X3D
723,Alyce Utterson,62,0 Lillian Alley,auttersonk2@irs.gov,Female,796012432,S72446P
724,Gustavo Gawn,59,88 Ruskin Crossing,ggawnk3@yellowbook.com,Male,381202177,S98222
725,Inigo Wiz,56,6 Hanover Way,iwizk4@ycombinator.com,Male,441940002,I63
726,Krissie Lukasen,60,5709 Dennis Trail,klukasenk5@clickbank.net,Female,731104201,J948
727,Mirabelle Bench,57,94114 Columbus Alley,mbenchk6@symantec.com,Female,840977707,C9301
728,Kinnie Humbey,55,0 Service Drive,khumbeyk7@xrea.com,Male,782369907,S63126D
729,Biron Mennear,56,10 Vidon Park,bmenneark8@ezinearticles.com,Male,386631414,T408X3S
730,Ingar Lynagh,56,02145 3rd Road,ilynaghk9@wikimedia.org,Male,236011929,S3500
731,Horatio Riche,56,8 Fuller Parkway,hricheka@tmall.com,Male,786240835,S70911S
732,Clim Worsam,57,0806 Kensington Hill,cworsamkb@epa.gov,Male,169158161,L89810
733,Aylmar Sprowell,64,6 Lawn Trail,asprowellkc@php.net,Male,60616,F653
734,Franciskus Spare,60,8192 Charing Cross Center,fsparekd@163.com,Male,463077762,S6002
735,Nessy Stilwell,55,30466 Sunfield Center,nstilwellke@desdev.cn,Female,840436651,Y020XXD
736,Tabina Malec,61,2 Red Cloud Junction,tmaleckf@networksolutions.com,Female,657751100,S3215XS
737,Etan Wellbank,60,6 School Parkway,ewellbankkg@cnn.com,Male,48267,E1059
738,Forbes Daughtery,64,006 Starling Pass,fdaughterykh@ucla.edu,Male,158011440,B002
739,Mort Witherop,58,0 Spaight Pass,mwitheropki@pbs.org,Male,265071127,T2050
740,Libby Gandrich,54,1874 North Park,lgandrichkj@skyrock.com,Female,593301943,I63212
741,Jennette Kinmond,58,16 Mesta Court,jkinmondkk@lulu.com,Female,604652709,T458X3D
742,Joshuah Sommerlin,57,8994 Katie Center,jsommerlinkl@sogou.com,Male,551012502,S82112M
743,Rhodia Vallentin,64,278 Hoepker Park,rvallentinkm@goo.gl,Female,593231858,H21262
744,Kanya Treleven,62,15 Meadow Ridge Place,ktrelevenkn@intel.com,Female,282115121,V111XXS
745,Coleman Goundry,55,52441 Mallory Way,cgoundryko@amazonaws.com,Male,981455005,S63512
746,Shermie Burgisi,64,9490 Oak Circle,sburgisikp@so-net.ne.jp,Male,900888867,V362XXS
747,Derwin Frain,56,2 Norway Maple Junction,dfrainkq@1und1.de,Male,33166,S93629D
748,Cindie Tetther,59,0707 Leroy Avenue,ctettherkr@dagondesign.com,Female,85704,S61531
749,Olive Malloch,69,259 Namekagon Street,omallochks@loc.gov,Female,900740152,M71552
750,Velma Pyford,67,78 Dayton Hill,vpyfordkt@posterous.com,Female,462198300,M6519
751,Cece Mordy,69,97355 Fuller Hill,cmordyku@blogs.com,Male,370274536,S52326M
752,Irving Betser,68,2 Summit Crossing,ibetserkv@hugedomains.com,Male,700062970,S82235J
753,Itch Risen,65,865 Express Alley,irisenkw@ovh.net,Male,367560149,M9082
754,Elsa Limer,67,63 Scoville Drive,elimerkx@narod.ru,Genderqueer,726440366,S68125D
755,Shell Bigmore,72,4 7th Road,sbigmoreky@elegantthemes.com,Male,978013217,I6980
756,Alejoa Rodda,72,3 Monument Point,aroddakz@yale.edu,Male,423470126,S90512D
757,Leontine Gerdes,71,3 Lillian Avenue,lgerdesl0@wunderground.com,Female,325781045,S45909S
758,Merilee Bowe,71,0622 Bellgrove Pass,mbowel1@deviantart.com,Female,346525113,S91105A
759,Austina Templeman,71,94506 Meadow Ridge Way,atemplemanl2@nydailynews.com,Female,472742640,D3152
760,Arnoldo Elsbury,67,421 Warbler Junction,aelsburyl3@cdbaby.com,Genderfluid,753202507,F251
761,Rex Staner,71,55 Graceland Terrace,rstanerl4@skype.com,Male,190073101,S56222S
762,Dorthy Befroy,68,96 Waubesa Parkway,dbefroyl5@1und1.de,Female,774693246,S21102S
763,Avram Glencrash,73,766 Waubesa Place,aglencrashl6@amazon.com,Male,342374302,H11052
764,Corena Daniells,73,21 Portage Trail,cdaniellsl7@ocn.ne.jp,Female,496847475,T2600
765,Humfried Tyler,67,1289 Pennsylvania Road,htylerl8@time.com,Male,965389000,A502
766,Angy Longley,66,783 Oak Valley Street,alongleyl9@qq.com,Female,836722202,E8389
767,Bobine Petrishchev,66,36 Donald Way,bpetrishchevla@domainmarket.com,Female,309046258,M25652
768,Nobie Dumbarton,74,871 Jay Point,ndumbartonlb@umn.edu,Male,331553009,N078
769,Kelsi Crowter,66,189 Orin Point,kcrowterlc@wisc.edu,Female,850122702,K50818
770,Lyndsey Ladell,67,644 Dayton Pass,lladellld@mac.com,Female,756623518,T17810A
771,Ainslee Pickerin,68,49 Sullivan Center,apickerinle@vistaprint.com,Female,814014212,W052XXS
772,Leupold Deluze,68,610 Sunnyside Avenue,ldeluzelf@1688.com,Male,06611,H9319
773,Hoyt Daveren,65,1390 Oak Crossing,hdaverenlg@dion.ne.jp,Male,727035521,M9936
774,Kerr Denniss,73,95626 Lakeland Park,kdennisslh@booking.com,Polygender,871093136,M60052
775,Paulo Egdal,70,319 Fallview Crossing,pegdalli@youtu.be,Male,795560690,J0391
776,Arron Esseby,68,735 Esker Park,aessebylj@hugedomains.com,Polygender,191826422,S1014XS
777,Odelia Paulino,69,938 Kim Parkway,opaulinolk@time.com,Female,622080215,Y92046
778,Kissiah Cuckson,65,994 Randy Circle,kcucksonll@economist.com,Female,648043503,V9023XA
779,Lona MacGillavery,69,361 Transport Street,lmacgillaverylm@google.ca,Female,543052487,S82169G
780,Cherlyn Cheevers,74,036 Mariners Cove Point,ccheeversln@chron.com,Female,810502751,S78111
781,Verine Cradock,74,6749 Meadow Ridge Center,vcradocklo@elpais.com,Female,123011022,S41149A
782,Cristin Yanin,66,8 Acker Center,cyaninlp@technorati.com,Genderqueer,77418,S86901D
783,Lek Ordelt,66,541 Garrison Road,lordeltlq@last.fm,Male,296072101,Y3593
784,Cori Held,74,6771 Mosinee Way,cheldlr@nydailynews.com,Female,907014002,H7000
785,Joby Pardey,73,8 South Hill,jpardeyls@salon.com,Female,482670001,T494X3D
786,Bel McGifford,74,994 Anderson Lane,bmcgiffordlt@de.vu,Female,452293026,H5355
787,Darcie Puckinghorne,73,2826 Holy Cross Terrace,dpuckinghornelu@vkontakte.ru,Female,328919424,C9210
788,Fergus Castagnaro,74,055 Sutteridge Drive,fcastagnarolv@omniture.com,Male,138503531,Y92026
789,Rowen Whiffen,70,987 Pierstorff Parkway,rwhiffenlw@ycombinator.com,Male,711113105,S40251S
790,Tamarra Styche,72,33 Saint Paul Drive,tstychelx@hostgator.com,Female,462193050,H59359
791,Aristotle Hinckley,66,28661 Crest Line Hill,ahinckleyly@prlog.org,Male,563453505,Y389X2A
792,Kora Hawes,73,16374 Londonderry Court,khaweslz@topsy.com,Female,170251203,S02400G
793,Rupert Ubee,69,3280 Weeping Birch Crossing,rubeem0@unicef.org,Male,481180457,M9180
794,Darby Vanyakin,64,39 Lien Pass,dvanyakinm1@stanford.edu,Male,706483187,Q925
795,Timothy Lottrington,73,48600 1st Plaza,tlottringtonm2@yellowbook.com,Male,395330555,S30857S
796,Sibella Shorto,66,1 Bunting Court,sshortom3@umich.edu,Female,263541184,Q785
797,Goraud Formie,67,5 Northfield Point,gformiem4@nasa.gov,Male,724541911,S31100S
798,Teddi Greenhow,67,10783 Manitowish Parkway,tgreenhowm5@hp.com,Female,581072168,T2167
799,Thorin Knighton,72,84 West Hill,tknightonm6@fema.gov,Male,67877,R25
800,Averil Mahomet,69,76947 Randy Plaza,amahometm7@wikispaces.com,Male,370275079,S58929A
801,Brig Codeman,75,18 Weeping Birch Parkway,bcodemanm8@nih.gov,Male,440011620,Y93H3
802,Correna Kennion,72,7 Eastlawn Crossing,ckennionm9@miibeian.gov.cn,Female,911892322,V010
803,Zaneta Nation,71,9 Westerfield Terrace,znationma@squarespace.com,Female,67029,T360X2S
804,Toby Nutton,66,9421 Norway Maple Circle,tnuttonmb@google.com.au,Male,852466700,S23420S
805,Whittaker Shevelin,74,692 Graedel Place,wshevelinmc@sitemeter.com,Male,334107417,S72035S
806,Cindi Martynov,72,79 Cody Hill,cmartynovmd@lycos.com,Female,627047450,O99843
807,Esme Brinicombe,67,5 Clove Point,ebrinicombeme@google.it,Male,312012102,V782
808,Phillip Dissman,72,3813 Scofield Circle,pdissmanmf@ftc.gov,Male,104631937,S72036P
809,Cherianne Hillhouse,68,59 Derek Lane,chillhousemg@bigcartel.com,Female,331725933,V9733XA
810,Min Warrilow,72,93862 Ohio Circle,mwarrilowmh@dell.com,Female,717540629,S32129A
811,Ronna Glisane,67,65 Kings Lane,rglisanemi@hhs.gov,Female,490471943,E710
812,Haslett Orgen,75,01 Declaration Park,horgenmj@sogou.com,Male,490681143,Q202
813,Gibbie Rouzet,70,86388 Rieder Court,grouzetmk@eepurl.com,Male,753974599,C694
814,Wes Jandel,67,8 Rigney Hill,wjandelml@usnews.com,Male,200102916,R402222
815,Liza Cassely,67,75 Charing Cross Avenue,lcasselymm@drupal.org,Female,750023024,T384X6S
816,Latrina Gillum,73,7 Trailsway Junction,lgillummn@army.mil,Female,452632927,S82434F
817,Suki Drabble,72,461 Forster Trail,sdrabblemo@fc2.com,Female,493072048,S53091
818,Lissy Ryam,70,37327 Village Avenue,lryammp@yellowpages.com,Genderqueer,630284100,S32058S
819,Eugenius Conibear,75,1 Ilene Road,econibearmq@netvibes.com,Male,631101002,S66314S
820,Lyndy Brahan,70,9568 Kensington Plaza,lbrahanmr@discuz.net,Female,635551726,T22311S
821,Darline Brine,73,07 Pleasure Plaza,dbrinems@seattletimes.com,Female,170554325,S1195
822,Rania Coskerry,65,90272 Michigan Park,rcoskerrymt@wired.com,Female,923542804,A319
823,Fania Wallentin,72,34 Rutledge Plaza,fwallentinmu@salon.com,Female,648363178,F19288
824,Chicky Grunder,70,04 Hansons Junction,cgrundermv@oracle.com,Male,900885904,H6592
825,Onfroi Synder,74,965 Forest Run Crossing,osyndermw@utexas.edu,Male,670032122,H7011
826,Emelina Pitchers,74,9 Kingsford Park,epitchersmx@gov.uk,Female,807371121,M9300
827,Beatrisa St Angel,64,6174 Spaight Alley,bstmy@prnewswire.com,Female,170554325,W21211D
828,Yorke Yakebovich,67,67 Sunbrook Center,yyakebovichmz@redcross.org,Genderqueer,460112145,S13141D
829,Cristine Smithe,72,02 Katie Plaza,csmithen0@ehow.com,Female,019071335,M9936
830,Junie Swaton,69,943 Randy Lane,jswatonn1@google.co.uk,Female,179013625,T880XXD
831,Seth Vowells,74,00631 Superior Trail,svowellsn2@oakley.com,Male,462292887,S62664G
832,Barby Kensley,68,7221 Declaration Pass,bkensleyn3@cafepress.com,Female,902213307,S3151
833,Daisey Sirkett,74,23 Lukken Plaza,dsirkettn4@admin.ch,Female,712017407,H6643
834,Chad Waight,66,991 Bashford Center,cwaightn5@yandex.ru,Male,368304013,S62360B
835,Ernst Sanches,67,0 Ridgeway Point,esanchesn6@51.la,Male,331652076,O368291
836,Tiphany Pidgin,69,5756 Ridgeview Trail,tpidginn7@infoseek.co.jp,Female,752354210,M80842A
837,Jens Segges,67,345 Walton Lane,jseggesn8@acquirethisname.com,Male,21204,S63126D
838,Francisco Ettels,71,49 Hoffman Terrace,fettelsn9@issuu.com,Male,287394217,V9388XD
839,Harli Furniss,73,1 Fieldstone Crossing,hfurnissna@vistaprint.com,Female,017424159,S95111D
840,Torrance Dorward,66,6318 Brickson Park Road,tdorwardnb@dedecms.com,Male,212155216,S72363
841,Eberto Falloon,67,2 Pepper Wood Alley,efalloonnc@bravesites.com,Polygender,480333849,T83591D
842,Osbert Sheaber,74,8975 Kingsford Road,osheabernd@npr.org,Male,753908870,V151XXA
843,Anneliese Binnion,73,03143 Truax Court,abinnionne@tinyurl.com,Female,331551449,O3661X0
844,Ara Janowski,70,862 Bay Center,ajanowskinf@nsw.gov.au,Male,021156110,V80790
845,Ferguson McCoid,70,884 Hoard Park,fmccoidng@photobucket.com,Male,973831487,S06347D
846,Hedi McIlvoray,67,06 Westend Road,hmcilvoraynh@telegraph.co.uk,Female,482011286,T8461
847,Merrilee Bullick,73,028 Glendale Circle,mbullickni@ucoz.ru,Female,331782775,S35415D
848,Tirrell Vowels,67,124 Linden Place,tvowelsnj@hugedomains.com,Male,773804009,S62395S
849,Averyl Tofanelli,73,9175 Oak Trail,atofanellink@cargocollective.com,Female,170330858,S92035G
850,Fanchon Buffy,70,29508 Superior Place,fbuffynl@studiopress.com,Bigender,241122937,M70911
851,Thatch Aikman,70,75017 Farwell Road,taikmannm@rakuten.co.jp,Polygender,380635577,S79012A
852,Hanny Youll,74,2 Brown Pass,hyoullnn@slashdot.org,Female,662111922,S80912S
853,Ingar Caney,64,8275 Cardinal Street,icaneyno@amazon.de,Male,646832402,S31124S
854,Lacy Eilhart,68,4 New Castle Point,leilhartnp@miibeian.gov.cn,Female,606860001,S93122
855,Ramona McMonnies,70,567 Bobwhite Hill,rmcmonniesnq@devhub.com,Female,480333849,W16621A
856,Carl Nye,70,18910 Lakewood Gardens Avenue,cnyenr@i2i.jp,Male,853085114,S82855K
857,Pietro Dake,71,5 East Place,pdakens@over-blog.com,Male,707375004,S02600B
858,Alidia Congreave,69,259 Waywood Crossing,acongreavent@odnoklassniki.ru,Female,046523620,S92502P
859,Fernanda Ivanishin,72,5 Springs Place,fivanishinnu@cafepress.com,Agender,306062797,F1819
860,Solomon Rigardeau,67,5 Kipling Avenue,srigardeaunv@ucoz.com,Male,331553009,J108
861,Darwin Grayston,72,932 Mcguire Street,dgraystonnw@odnoklassniki.ru,Male,780285329,S72452S
862,Martita Wolstenholme,70,8 Warner Alley,mwolstenholmenx@oaic.gov.au,Female,551640979,S49109S
863,Jaymee Spurrier,74,10005 Claremont Road,jspurrierny@hp.com,Female,75835,S42013D
864,Ashlen Thickett,71,84825 Monument Junction,athickettnz@aboutads.info,Female,786548602,Z85110
865,Giles Broadbury,66,09934 Anthes Avenue,gbroadburyo0@nature.com,Male,331657574,S82841K
866,Ennis Faussett,66,627 Sullivan Alley,efaussetto1@telegraph.co.uk,Male,941430001,H93219
867,Marga Cortin,72,33 Harbort Crossing,mcortino2@fda.gov,Female,928421403,M85162
868,Mortie Alvarado,69,8426 Merchant Junction,malvaradoo3@cloudflare.com,Male,442541031,Q758
869,Angelle Vanlint,67,9713 Continental Street,avanlinto4@microsoft.com,Female,978500460,S72045G
870,Vanessa Howe,73,54 Morrow Hill,vhoweo5@addthis.com,Female,620881173,S12231K
871,Red Washington,69,7441 Acker Place,rwashingtono6@google.com.hk,Male,667627587,D134
872,Chery Karlsen,66,9513 Bellgrove Parkway,ckarlseno7@army.mil,Female,900888806,V8699
873,Aldridge Stapylton,67,8 Northport Circle,astapyltono8@opensource.org,Male,510411836,M2351
874,Ollie Urian,68,36 Morningstar Avenue,ouriano9@amazon.co.jp,Male,232271149,O365190
875,Martelle Foskew,70,66464 Manitowish Point,mfoskewoa@github.com,Female,212155216,V877XXS
876,Donetta Cruickshanks,71,26334 Debra Hill,dcruickshanksob@usatoday.com,Female,928683849,S100XXD
877,Elmore Malatalant,65,523 Dawn Court,emalatalantoc@amazon.co.uk,Male,48267,S3422XA
878,Meridel O'Daly,72,90298 Cardinal Pass,modalyod@si.edu,Female,505741028,N270
879,Terrance Itzkovwitch,71,4502 Esker Drive,titzkovwitchoe@tinyurl.com,Male,704042668,M8902
880,Durant Oller,67,295 Graceland Circle,dollerof@nationalgeographic.com,Male,461684300,S52265S
881,Helene Shepherd,74,79 North Alley,hshepherdog@netscape.com,Female,495032560,S8256XF
882,Biddie Matthewes,67,4 Westport Alley,bmatthewesoh@devhub.com,Female,993479705,S8612
883,Trula Destouche,72,5 Ronald Regan Way,tdestoucheoi@usa.gov,Female,982744127,S65302S
884,Fee Toffolo,74,7398 Clemons Trail,ftoffolooj@unblog.fr,Male,301651415,S12531K
885,Noble Buckoke,66,75 West Point,nbuckokeok@clickbank.net,Male,47331,I70301
886,Gratiana Yetts,70,4151 Clove Plaza,gyettsol@123-reg.co.uk,Female,634011239,S92422K
887,Donelle Klaas,69,921 Pepper Wood Avenue,dklaasom@stanford.edu,Female,785012953,D0761
888,Ferdinande Rault,74,60855 Lunder Point,fraulton@ucla.edu,Female,943041117,H26229
889,Heather Dinesen,76,69744 Rowland Parkway,hdinesenoo@bigcartel.com,Female,730756613,S85402D
890,Alfred Adanet,79,235 Melvin Pass,aadanetop@cloudflare.com,Male,188346603,N99510
891,Ben Rosewall,74,112 Hansons Parkway,brosewalloq@scribd.com,Male,136171450,H02412
892,Guinevere Lowndsbrough,79,3 Continental Park,glowndsbroughor@drupal.org,Female,070423505,I63449
893,Juana Sabban,75,636 Meadow Vale Parkway,jsabbanos@eepurl.com,Female,300678237,V259XXS
894,Calli Siege,75,15 Fair Oaks Junction,csiegeot@friendfeed.com,Female,022415661,M84446
895,Nerissa Izon,85,99561 Ohio Way,nizonou@flickr.com,Female,279493990,T5693XS
896,Urbain Ziems,80,49 Beilfuss Parkway,uziemsov@163.com,Male,668461422,T22021D
897,Shelly Leggen,79,5 Carey Circle,sleggenow@tinyurl.com,Female,895021576,Y832
898,Tabby Meineck,78,3365 Jackson Lane,tmeineckox@mail.ru,Female,075131426,V9521XD
899,Bernita Walenta,77,77273 Prairieview Court,bwalentaoy@chicagotribune.com,Female,11375,T23032D
900,Ediva Chaudron,76,40 Lawn Hill,echaudronoz@lycos.com,Female,802203808,T361X6S
901,Somerset Affuso,79,32 Scoville Junction,saffusop0@wired.com,Male,139054246,S92045S
902,Edin Frotton,75,60 Hollow Ridge Terrace,efrottonp1@msu.edu,Female,984150299,C4A10
903,Mariana Mayberry,82,38 Pankratz Point,mmayberryp2@sina.com.cn,Female,427171080,S21419D
904,Marietta Rowter,83,29793 Hauk Drive,mrowterp3@gnu.org,Female,316030009,S39093A
905,Grazia Eggar,78,8 Red Cloud Lane,geggarp4@cornell.edu,Female,761025841,S42399B
906,Dyna Goodfellow,81,550 Westerfield Lane,dgoodfellowp5@redcross.org,Female,240111713,S62133A
907,Steffie Cremer,84,74574 Loftsgordon Drive,scremerp6@taobao.com,Polygender,59604,S63136A
908,Ada Gamlen,75,9799 Dayton Hill,agamlenp7@unesco.org,Female,785826211,C08
909,Tore Olivari,83,3571 Mallory Crossing,tolivarip8@domainmarket.com,Male,190273100,S63296S
910,Vladimir Bartosek,76,9 American Lane,vbartosekp9@intel.com,Male,020623487,Y36200S
911,Pet Sentance,79,99 Fairview Point,psentancepa@pcworld.com,Female,651096920,T2232
912,Dannie Bricket,74,2948 Sunfield Parkway,dbricketpb@gravatar.com,Female,167013223,S65511S
913,Dana Koopman,79,3 Express Junction,dkoopmanpc@cmu.edu,Female,945465305,M65311
914,Katya Clemitt,84,4 Longview Avenue,kclemittpd@163.com,Female,324461917,Q7140
915,Ezechiel Paxman,75,1 Sutherland Hill,epaxmanpe@upenn.edu,Genderfluid,730704006,W5639XD
916,Hollie Sings,82,69 Sauthoff Point,hsingspf@ezinearticles.com,Female,303743070,S3722XS
917,Nada Farnill,83,359 Spenser Lane,nfarnillpg@netlog.com,Female,282199305,Y9361
918,Veriee Haps,79,31 Mifflin Way,vhapsph@globo.com,Female,331772785,E751
919,Tallou Dalbey,80,540 Sunnyside Park,tdalbeypi@topsy.com,Female,105502026,H26113
920,Adolph De Anesy,77,3992 Lake View Trail,adepj@discovery.com,Male,331444180,M11062
921,Michele Stitt,76,41499 Cambridge Drive,mstittpk@adobe.com,Male,352830605,S4681
922,Gertrudis Gingell,78,8478 Coolidge Plaza,ggingellpl@illinois.edu,Female,346893790,Y35311S
923,Timothy Heaps,75,0 Parkside Terrace,theapspm@reverbnation.com,Male,852593361,S82243N
924,Elaina Turban,80,2 Vidon Crossing,eturbanpn@noaa.gov,Female,802181235,S82409K
925,Quill Laugharne,81,637 Hauk Trail,qlaugharnepo@timesonline.co.uk,Male,656163725,S96912A
926,Dennison Studholme,82,530 Aberg Road,dstudholmepp@netvibes.com,Male,330133834,S52124H
927,Johannes Russon,77,75767 Karstens Parkway,jrussonpq@oakley.com,Male,490093016,S52181K
928,Charmane Ruffli,78,2 Menomonie Way,crufflipr@ask.com,Genderfluid,271035616,S83242S
929,Deana Rudram,78,46 Michigan Place,drudramps@cmu.edu,Female,705051193,S42411G
930,Lewie Eldershaw,76,7732 Wayridge Trail,leldershawpt@nhs.uk,Male,718018124,G4421
931,Jeno Scorrer,82,0 Muir Crossing,jscorrerpu@adobe.com,Male,038940912,F440
932,Annabella Mousby,81,71 Pepper Wood Road,amousbypv@addthis.com,Female,372211758,F0634
933,Teddie O'Loughnan,82,77912 Haas Trail,toloughnanpw@dion.ne.jp,Male,061171508,S1320XA
934,Alexi Struthers,83,9000 Tomscot Center,astrutherspx@reference.com,Female,472502002,L93
935,Teddie Lantaff,79,9 Thompson Center,tlantaffpy@ning.com,Male,006748513,V9212XS
936,Marga Rosenauer,76,55657 Rockefeller Pass,mrosenauerpz@tumblr.com,Female,334322754,S13151D
937,Conant Bichard,79,3 Warbler Park,cbichardq0@ox.ac.uk,Male,982393413,M2195
938,Linette Winnett,79,2 Basil Hill,lwinnettq1@clickbank.net,Female,040113310,Y93B3
939,Herby Corke,78,6964 Nobel Lane,hcorkeq2@ft.com,Male,452633370,S89119K
940,Corabel Kinver,76,4777 Lakeland Parkway,ckinverq3@free.fr,Female,712204441,S8264XN
941,Rik Hebditch,83,26 Birchwood Hill,rhebditchq4@chronoengine.com,Male,617398998,S89001K
942,Shermie Dando,79,44728 Judy Center,sdandoq5@nsw.gov.au,Male,934360909,S61552A
943,Hanny Thunnercliffe,82,797 Rowland Way,hthunnercliffeq6@behance.net,Female,07605,R856
944,Gaile Coffey,83,04690 Prairieview Drive,gcoffeyq7@oakley.com,Male,242117664,G8191
945,Zak Merryman,83,948 Stone Corner Pass,zmerrymanq8@samsung.com,Male,704332327,T739XXA
946,Riccardo Garrity,75,83 Laurel Place,rgarrityq9@ed.gov,Male,480333849,S82153R
947,Cori Rosson,83,24716 Londonderry Terrace,crossonqa@myspace.com,Female,70769,Z877
948,Atlante Klamp,81,2 5th Plaza,aklampqb@globo.com,Female,331702714,B829
949,Davidson Vasiljevic,82,116 Straubel Place,dvasiljevicqc@bbb.org,Male,526279611,S31609S
950,Alaster Angric,81,7 Lighthouse Bay Center,aangricqd@boston.com,Male,606084511,K431
951,Leupold Trayling,76,60325 Kropf Place,ltraylingqe@t-online.de,Male,956084021,P588
952,Morgen Sprott,79,51 Swallow Junction,msprottqf@cyberchimps.com,Genderfluid,389650645,T23032
953,Salim Yakushkev,74,8 Helena Plaza,syakushkevqg@webeden.co.uk,Male,482011288,S81811S
954,Doroteya Eshmade,82,67293 Briar Crest Crossing,deshmadeqh@desdev.cn,Polygender,33701,T654X4D
955,Giuseppe Whitehall,76,747 Truax Park,gwhitehallqi@wufoo.com,Male,432131546,T434X2A
956,Johnath Shrieves,83,0857 Village Place,jshrievesqj@illinois.edu,Female,397601506,S63416A
957,Germaine Kneebone,76,409 John Wall Hill,gkneeboneqk@bbc.co.uk,Male,210427766,V560XXD
958,Fons Jowling,74,7 Crest Line Junction,fjowlingql@ifeng.com,Male,735549117,M84332K
959,Tess Houldey,81,3 Coleman Park,thouldeyqm@mayoclinic.com,Female,618012334,M4604
960,Wang Durnell,76,6 Bartillon Place,wdurnellqn@ebay.co.uk,Genderqueer,01915,S46201A
961,Netti Althrop,79,7 Clarendon Park,nalthropqo@cbc.ca,Female,334345310,T6591
962,Haslett Hulett,81,998 Burning Wood Crossing,hhulettqp@ibm.com,Male,331353904,S55219A
963,Brina Winter,83,00 Miller Street,bwinterqq@constantcontact.com,Polygender,606770001,S52112G
964,Trista Loache,76,2 Utah Crossing,tloacheqr@nationalgeographic.com,Female,717110797,S61227D
965,Niko Birkmyr,81,6356 Pearson Park,nbirkmyrqs@typepad.com,Male,581047927,S32452D
966,Junina Retallick,76,4 Old Shore Circle,jretallickqt@globo.com,Female,484398065,S36039A
967,Krishnah Guittet,79,3 Jenifer Center,kguittetqu@businesswire.com,Male,287440569,N4404
968,Dana Yacobsohn,81,01 Hintze Junction,dyacobsohnqv@networksolutions.com,Male,370671509,M2672
969,Ewan Clulee,78,141 Kedzie Drive,ecluleeqw@dagondesign.com,Male,497380533,S72356P
970,Arvin Britcher,81,820 Cottonwood Place,abritcherqx@pbs.org,Male,149051629,T23459D
971,Obediah Caldicott,76,2468 Buena Vista Way,ocaldicottqy@merriam-webster.com,Male,952103339,S72114Q
972,Bern Glason,81,54176 Grim Center,bglasonqz@4shared.com,Male,954536300,S46019
973,Waldemar Scamel,100,8 Oak Parkway,wscamelr0@rambler.ru,Male,145131057,S7701XS
974,Denver Englefield,98,5 Norway Maple Parkway,denglefieldr1@hao123.com,Male,136199703,M9908
975,Nathalie Bruffell,84,4236 Linden Terrace,nbruffellr2@freewebs.com,Female,871081443,S72065K
976,Zorine Gail,103,81765 Merrick Place,zgailr3@shutterfly.com,Female,300848100,S98019D
977,Dannie Breffit,92,603 Johnson Plaza,dbreffitr4@google.es,Male,117011345,G4041
978,Marika Buscher,88,7 Loeprich Way,mbuscherr5@mit.edu,Genderfluid,532788866,T65213D
979,Anny Curston,90,4 Oriole Way,acurstonr6@columbia.edu,Female,799133230,S81851D
980,Karry Tonn,108,2 Lighthouse Bay Circle,ktonnr7@youku.com,Female,516012355,V777XXD
981,Leslie Brickwood,85,08 Tony Park,lbrickwoodr8@shutterfly.com,Male,850122702,S68712
982,Kinny Heelis,90,4 Mandrake Street,kheelisr9@intel.com,Male,115901740,S51829A
983,Jacinthe Dredge,108,842 Ridge Oak Way,jdredgera@umich.edu,Female,288013014,T34011
984,Robby Cowdrey,85,4 Southridge Road,rcowdreyrb@webnode.com,Female,394046389,S82092G
985,Orland Gerault,88,4712 Lakewood Gardens Pass,ogeraultrc@simplemachines.org,Male,875057601,S6740
986,Sibley Weeke,105,3 Sycamore Parkway,sweekerd@people.com.cn,Female,04614,T551X2S
987,Lorant Cartledge,86,40 Farwell Pass,lcartledgere@europa.eu,Male,716540351,Z978
988,Stanislas O'Moylane,93,3 John Wall Crossing,somoylanerf@bbc.co.uk,Male,795460491,E11349
989,Morganne Dudley,88,9506 Goodland Way,mdudleyrg@shinystat.com,Female,900363010,S81002
990,Aeriel Smallshaw,95,8658 Goodland Trail,asmallshawrh@imdb.com,Female,291161245,J1520
991,Kevan Lehrer,86,79 Dapin Trail,klehrerri@cafepress.com,Male,760678246,M67439
992,Sayres Elwyn,107,1539 Weeping Birch Hill,selwynrj@phpbb.com,Male,462194213,S66319
993,Clarita Saffe,91,8 Londonderry Plaza,csafferk@blogtalkradio.com,Female,064603158,T570X1A
994,Susanne Deevey,97,3 Banding Pass,sdeeveyrl@samsung.com,Female,296072101,S88021A
995,Antoine Sharrocks,100,3 Hallows Lane,asharrocksrm@bizjournals.com,Male,100296500,T2254
996,Kingsley Alpe,88,558 Burning Wood Drive,kalpern@cafepress.com,Bigender,753911875,S8330XA
997,Kevina Littlechild,98,95 Golden Leaf Junction,klittlechildro@cargocollective.com,Female,498550640,S60849D
998,Carny Burleigh,108,3 Erie Terrace,cburleighrp@blinklist.com,Male,283090908,S82202E
999,Arabele Androlli,103,63249 Blackbird Trail,aandrollirq@purevolume.com,Female,278356028,S40259S
1000,Ugo Ingram,108,76485 Transport Circle,uingramrr@apple.com,Male,764581403,S81822D
